baseMean	log2FoldChange	lfcSE	stat	pvalue	padj
mmu-let-7b-5p	1.21666198820929	-2.58667456375522	1.91664037375668	-1.0443858380749	0.29630691311972	1
mmu-let-7d-5p	9.61382202419284	0.781503948391078	1.06945033959585	0.183778002954486	0.854187613305783	1
mmu-let-7d-3p	1.62881711791725	-1.12365112869463	1.70461178172926	-0.316018364854313	0.75198856877343	1
mmu-let-7e-5p	13.0391227620085	-1.63584523860123	1.00120481327706	-1.04961814400433	0.293893711695698	1
mmu-let-7e-3p	0.331545029384958	0	2.12879519868154	0	1	NA
mmu-let-7f-2-3p	0.352805751385318	-0.278519024163209	2.11877245835299	0	1	NA
mmu-let-7g-5p	27.5986712231819	0.542781188777234	0.598488873089047	0	1	1
mmu-let-7i-5p	5.90599208696774	-2.0676672885873	0.957717425841439	-1.54816519764529	0.121582528160599	0.643595875492482
mmu-let-7i-3p	1.05282801504429	-0.385093012774889	1.77136398139553	0	1	NA
mmu-miR-101a-5p	2.17384933529954	-1.234339054197	1.64890984145052	-0.39382174643618	0.693712647893436	1
mmu-miR-101a-3p	127.512559517843	0.397378849469981	0.381887344617299	0	1	1
mmu-miR-101b-5p	0.333519949366759	0	2.15986753734789	0	1	NA
mmu-miR-101b-3p	45.3542908445023	-0.133021377957477	0.454634747644888	0	1	1
mmu-miR-103-2-5p	0.601789781890302	0.176067992056635	1.92080755739647	0	1	NA
mmu-miR-106a-5p	161.821691383828	-0.141019626091568	0.255012559809691	0	1	1
mmu-miR-106a-3p	1.27880309773179	-0.26937683608646	1.62078974990323	0	1	1
mmu-miR-106b-5p	17.9810511015966	-0.0291388286033834	0.494349735679182	0	1	1
mmu-miR-106b-3p	8.18907620034651	0.0301056522933433	0.707186884238757	0	1	1
mmu-miR-107-3p	0.273680885645501	0	2.1624839830629	0	1	NA
mmu-miR-10a-3p	0.167675948262749	-0.257534463567729	2.16212748762516	0	1	NA
mmu-miR-1187	2.08988159660552	-3.28736366236427	1.39016719331398	-1.94393967476742	0.0519027261427135	0.344354625369926
mmu-miR-1190	0.125712952481746	-1.19944470478792	2.16212336002668	-0.284203119686555	0.776254724837591	NA
mmu-miR-1191a	2.54186166146244	-0.843160977370053	1.14190199432287	-0.226112641831407	0.821113812437477	1
mmu-miR-1193-3p	8.66830474868004	0.858997234958287	0.680173222488146	0.402889624549879	0.687029424400056	1
mmu-miR-1195	2.30783100218784	0.173610347125097	1.19101805841323	0	1	1
mmu-miR-1197-5p	0.172364078842237	-0.727630706732938	2.16212336002668	-0.0659852294505624	0.947389585015018	NA
mmu-miR-1197-3p	0.734329347772903	-0.612294133088144	1.82976271072094	-0.0149372550915187	0.988082237968353	NA
mmu-miR-1198-5p	1.21448828738831	1.3414552096318	1.57400198080859	0.480617380495307	0.630788460403676	1
mmu-miR-12188-5p	0.282933214528508	-0.314596428263929	2.14631691881927	0	1	NA
mmu-miR-1247-5p	0.125677355967626	0	2.16212336002668	0	1	NA
mmu-miR-1258-3p	0.195302404162797	-1.19944470478792	2.16212336002668	-0.284203119686555	0.776254724837591	NA
mmu-miR-125a-5p	52.9307990934562	0.684844568003169	0.409797247665542	0.243735329729526	0.807435809204237	1
mmu-miR-125a-3p	0.500730877621155	-1.67243387791983	2.01075641463751	-0.540827008822307	0.588626824770344	NA
mmu-miR-126a-5p	20.1944952971017	1.46651580073572	0.573245820511156	1.53782769707504	0.124090749551952	0.643595875492482
mmu-miR-126a-3p	27.6320279935562	-0.308753386778544	0.436686194710017	0	1	1
mmu-miR-126b-3p	0.0915352392469641	0	2.16212336002668	0	1	NA
mmu-miR-127-5p	2.49079965485361	0.39773660512252	1.17281861283064	0	1	1
mmu-miR-127-3p	14.18618225914	0.538961531087288	0.583266685202732	0	1	1
mmu-miR-129-1-3p	0.467775123414064	-0.445632255650758	2.05586370865309	0	1	NA
mmu-miR-129-2-3p	0.277959468262395	-0.355109568272185	2.16188096074885	0	1	NA
mmu-miR-1291	0.133328269823566	0.204568559678278	2.16229337438236	0	1	NA
mmu-miR-1306-5p	1.49545578523167	3.05283699572822	1.58954843091788	1.55256326073814	0.120527508507932	0.643595875492482
mmu-miR-1306-3p	0.226630522544547	0.791955803014646	2.16237889102632	0.0957248071337053	0.923739138126427	NA
mmu-miR-130a-5p	3.91908368553788	-1.92838297431458	0.970098352660429	-1.38482914635324	0.166104716418858	0.773471637573951
mmu-miR-130a-3p	325.763312422655	-1.14147117913729	0.723322429183821	-0.769378434793023	0.441668686868476	1
mmu-miR-130b-5p	12.957828280412	1.48886312758052	0.571503990887148	1.58161734873668	0.113736951093016	0.622845208366516
mmu-miR-130b-3p	52.6907644883097	-0.214543571430043	0.44441615767961	0	1	1
mmu-miR-132-5p	0.162701320303346	0	2.16212336002668	0	1	NA
mmu-miR-132-3p	0.664140146656327	0	1.96022803557858	0	1	NA
mmu-miR-134-5p	14.5335310214832	0.862062969496859	0.552920225997181	0.501158134115925	0.616259835964849	1
mmu-miR-134-3p	0.508614179385487	0.459485950187567	2.05962091493992	0	1	NA
mmu-miR-135b-5p	51.7238521087825	-0.284136500892747	0.377893326790826	0	1	1
mmu-miR-135b-3p	1.76980132705154	-1.97369448670311	1.55916361570791	-0.890690349615057	0.373095313415466	1
mmu-miR-136-5p	7.83032863453194	-0.147197298435849	0.670833309067665	0	1	1
mmu-miR-136-3p	39.2513418295944	0.643093490120227	0.399646427465365	0.145456046655411	0.884350816296621	1
mmu-miR-138-1-3p	0.092379765414854	-0.25581670867796	2.16212336002668	0	1	NA
mmu-miR-139-5p	1.06240812723726	0.578427821918295	1.61585999070147	0	1	NA
mmu-miR-140-5p	19.4673819983316	0.674290406469745	0.488175649013402	0.182983124883675	0.854811259455113	1
mmu-miR-140-3p	9.59885267958894	-0.351239940095088	0.821950603283803	0	1	1
mmu-miR-141-5p	1.31485867014379	0.771326769002692	1.59999950493088	0.116477703716281	0.907273955666374	1
mmu-miR-141-3p	15.9177118638695	0.539699221675942	0.578871174381669	0	1	1
mmu-miR-142a-5p	41.1159918985305	-4.29608936325386	0.520124016507778	-7.13508075910433	0.000000000000967303496666633	0.0000000000834299265874971
mmu-miR-142a-3p	22.7396259249999	-4.11782187634909	0.568346280097698	-6.21603325180669	0.000000000509880033050318	0.0000000293181019003933
mmu-miR-143-5p	0.113861412957212	0	2.16212336002668	0	1	NA
mmu-miR-143-3p	14.7630693316079	-0.187802096619664	0.580529690207254	0	1	1
mmu-miR-144-3p	0.197998801251073	0.517469426846698	2.16237507501238	0	1	NA
mmu-miR-145a-5p	4.98735018425929	0.991830988821161	0.903613800831726	0.450268120878085	0.652517122629224	1
mmu-miR-145a-3p	0.904291230950234	0.360891599301669	1.77434190747102	0	1	NA
mmu-miR-146a-5p	5.15811276982682	1.50876481465312	1.25336195032036	0.737059485247535	0.461086175729697	1
mmu-miR-146b-5p	6.3486126494685	1.14666781618016	0.849448895373638	0.661258515395365	0.508446540803582	1
mmu-miR-147-3p	1.07811907220075	0.718487054490929	1.68207641638244	0.0793807894036928	0.936729748252834	NA
mmu-miR-148a-3p	15.7014539948318	1.72782442509445	0.608548353770634	1.87801333664284	0.0603793406536557	0.378743136827477
mmu-miR-148b-5p	0.345255586449673	-0.230697712558747	2.12678575851922	0	1	NA
mmu-miR-148b-3p	9.79564826447297	-0.459372908604274	0.683097741213412	0	1	1
mmu-miR-149-5p	4.59739786752279	0.323822108673314	1.0547517484807	0	1	1
mmu-miR-150-5p	56.9124527723589	1.54387060770537	0.385826250731739	2.48533661244043	0.0129428985559837	0.120683783832821
mmu-miR-150-3p	0.49328706219168	1.7462343737209	2.08595473884925	0.556710004954557	0.577725580065449	NA
mmu-miR-151-5p	11.5190770929486	0.525029494792893	0.671840812788932	0	1	1
mmu-miR-151-3p	9.74121879535128	0.251827037572755	0.664410269249872	0	1	1
mmu-miR-152-3p	6.13446531455547	-0.494826878346982	1.43070067524284	0	1	1
mmu-miR-153-3p	0.542880176573462	1.00796738847479	1.89212129343073	0.2235611898784	0.823098765287895	NA
mmu-miR-154-5p	2.99140863848587	-0.0955291589664666	1.08646521313871	0	1	1
mmu-miR-154-3p	29.9270782514042	-1.02876329855411	0.411624312727021	-1.07816954468206	0.280958100511188	1
mmu-miR-155-5p	0.231308341901905	-0.727630706732938	2.16212336002668	-0.0659852294505627	0.947389585015018	NA
mmu-miR-15a-5p	1.62949247073483	-0.53509368201286	1.26326262602034	0	1	1
mmu-miR-15a-3p	2.53959983908857	-1.15268068060161	1.2858027697657	-0.441528197970756	0.658830652202871	1
mmu-miR-15b-5p	18.1939087964338	1.22567816611212	0.497644960971601	1.28749553525074	0.197921624790199	0.822686271718298
mmu-miR-15b-3p	13.7361957004029	0.685953979992668	0.563561007322242	0.179202389731277	0.857778787367291	1
mmu-miR-16-1-3p	2.35805784031604	-0.979820205736126	1.29853330149101	-0.304079767967124	0.76106712028872	1
mmu-miR-16-2-3p	6.22542668281099	0.548579932652166	0.774039529933971	0	1	1
mmu-miR-17-5p	498.969615598396	-0.626281824208967	0.235232169921098	-0.17565337046234	0.860566270583824	1
mmu-miR-17-3p	11.0160651456257	-0.52772186265266	0.640063890932912	0	1	1
mmu-miR-181c-5p	25.7049359163828	-0.7259623203288	0.410153530681868	-0.343773267959527	0.731016805397191	1
mmu-miR-181c-3p	0.185682018135835	0.584440922774163	2.16237549517905	0	1	NA
mmu-miR-181d-5p	3.75732528401525	0.343609770231957	0.97062420977251	0	1	1
mmu-miR-181d-3p	0.291301053972053	1.05297711726497	2.12826533197674	0.219904261706468	0.825945717191419	NA
mmu-miR-182-5p	24.1349823640978	0.61605686307441	0.503886720401635	0.061709033189978	0.950794546236178	1
mmu-miR-182-3p	2.80233965275717	-1.1424839395766	1.17340993757613	-0.475129297104044	0.63469481769429	1
mmu-miR-183-5p	169.830928918256	0.933398684364786	0.315180624880695	1.10551270013988	0.268937494398983	1
mmu-miR-183-3p	6.5646587072238	1.41854306097132	0.874258230915985	0.953471789881572	0.340351082776773	1
mmu-miR-1839-5p	1.98049939407685	1.63265051990513	1.41109336565634	0.742465413475074	0.457805399575985	1
mmu-miR-1839-3p	1.2850415230238	-1.53056646473557	1.61029974125407	-0.587222328731166	0.557054398020273	1
mmu-miR-1843a-5p	0.195302404162797	-1.19944470478792	2.16212336002668	-0.284203119686555	0.776254724837591	NA
mmu-miR-1843b-3p	0.133328269823566	0.204568559678278	2.16229337438236	0	1	NA
mmu-miR-185-5p	6.07648875107928	-0.962251085370735	0.783616313029351	-0.481471069930938	0.630181736205025	1
mmu-miR-186-5p	25.6300290002159	-0.614630686339955	0.409342820645881	-0.0724776009799972	0.942221830409576	1
mmu-miR-186-3p	0.379132243675701	0	2.15460578651227	0	1	NA
mmu-miR-187-3p	1.04737773466427	-0.422159437668826	1.82192952767122	0	1	NA
mmu-miR-188-5p	8.55611035223357	-3.65081030270683	1.34749845044243	-2.27521434327368	0.0228930748540085	0.197452770615823
mmu-miR-188-3p	0.549178167196172	-0.32816196425565	1.99113894376572	0	1	NA
mmu-miR-18a-5p	48.0285810584966	-0.171516274557994	0.393284502624121	0	1	1
mmu-miR-18a-3p	2.13858265670595	-1.03321937789368	1.1690737587709	-0.383429081193131	0.701401644254907	1
mmu-miR-18b-5p	1.99127768217917	-1.00788033304686	1.28572005070759	-0.328934616904322	0.742205108401949	1
mmu-miR-18b-3p	1.71901855488166	1.87454362656527	1.55812094406887	0.827651493135387	0.407867897271958	1
mmu-miR-190a-5p	7.15060091906335	-0.221075782600063	0.729745419595508	0	1	1
mmu-miR-190a-3p	0.800710827817379	2.5084635465719	1.86137276930643	1.03337766489808	0.301427194598165	NA
mmu-miR-191-5p	279.182959926624	0.250829077148831	0.283497092223179	0	1	1
mmu-miR-191-3p	1.58160736657776	0.314910858150696	1.37552760221682	0	1	1
mmu-miR-192-5p	3.8591774419133	-0.826782854712369	0.907263539275048	-0.266538159556638	0.789824774864864	1
mmu-miR-192-3p	0.149399382986421	0	2.16212336002668	0	1	NA
mmu-miR-193a-5p	1.02136823129359	0.336051732432509	1.74720558121527	0	1	NA
mmu-miR-193a-3p	0.896739491137187	-0.353004927397965	1.90044978157028	0	1	NA
mmu-miR-193b-3p	0.635250569537478	-1.69822503449716	1.99209664885607	-0.558839619762059	0.576271180321563	NA
mmu-miR-1946a	0.823857044733462	0.888699947604966	1.7382792901419	0.174734548473516	0.861288219623461	NA
mmu-miR-1946b	0.517699701599278	0.461816226635321	2.04532335696331	0	1	NA
mmu-miR-1949	48.8663825594805	2.95978430996847	0.394559982998574	6.0189119818973	0.00000000175593311730447	0.0000000865424179242916
mmu-miR-1955-5p	0.220927900592769	0.770489891702156	2.16237980504457	0.085797781938301	0.931627169735201	NA
mmu-miR-195a-5p	2.84065661213184	0.745342350256436	1.01354730695398	0.158236175494629	0.8742706989078	1
mmu-miR-195a-3p	0.53512086757259	-2.07388631765339	1.98258379189645	-0.751001709495463	0.452651626973297	NA
mmu-miR-196a-1-3p	0.750514726322111	-0.623310331852501	1.7497224123238	-0.02191652279313	0.982514544657783	NA
mmu-miR-196b-5p	1.07722009165189	1.46620159440144	1.64470528869911	0.535803648067126	0.592094260670181	NA
mmu-miR-1981-5p	0.578693663337258	0	1.96714090143528	0	1	NA
mmu-miR-1981-3p	0.840814417826607	0.106172804566439	1.80424740611264	0	1	NA
mmu-miR-1983	128.81474975648	-1.40841351400416	0.370664579691804	-2.22155301153318	0.0263135283836527	0.221418714447809
mmu-miR-199b-5p	0.612039698146985	0	2.01920030793503	0	1	NA
mmu-miR-19a-5p	0.296931891451141	0	2.16212336002668	0	1	NA
mmu-miR-19a-3p	1078.54343349095	0.687196598337373	0.353759170166347	0.288993491159942	0.772586358454753	1
mmu-miR-19b-1-5p	2.57186167251652	-0.708803306527116	1.28933722300257	-0.096049973270424	0.923480883069634	1
mmu-miR-19b-2-5p	1.35557490411443	-1.28819584938188	1.49305119293312	-0.471004177210571	0.637637751899255	1
mmu-miR-1b-5p	0.126727443854037	0	2.16212336002668	0	1	NA
mmu-miR-200a-5p	1.51900240218377	0.535236117179244	1.4499933789206	0	1	1
mmu-miR-200a-3p	12.4123414543098	0.838675825601373	0.741911006630296	0.341972719925754	0.732371422271734	1
mmu-miR-200b-5p	1.41338649951148	2.12052288838421	1.52769734077671	1.00514699258581	0.31482607495983	1
mmu-miR-200b-3p	12.2390150181588	1.42334821106297	0.697091962136119	1.20269025592079	0.229096206019499	0.888069562659854
mmu-miR-200c-5p	0.179979396184057	0.553397298598923	2.16237303491265	0	1	NA
mmu-miR-200c-3p	7.84537886826086	1.86817822559835	0.772201429822125	1.66176294852599	0.0965603139821334	0.546119808587476
mmu-miR-203-5p	0.354450269768462	0	2.16212336002668	0	1	NA
mmu-miR-203-3p	25.186536928978	1.07453409111872	0.809423588483423	0.604839786439696	0.545285454884422	1
mmu-miR-205-5p	13.0749842606324	0.735486506583779	0.63416331357056	0.237358425884211	0.812378739534884	1
mmu-miR-206-3p	0.269059605966802	0	2.16212336002668	0	1	NA
mmu-miR-208a-3p	0.125712952481746	-1.19944470478792	2.16212336002668	-0.284203119686555	0.776254724837591	NA
mmu-miR-20a-5p	61.9520657235126	0.214240240656548	0.33783210906563	0	1	1
mmu-miR-20a-3p	24.5815813355233	-0.259509077194085	0.525074702999712	0	1	1
mmu-miR-20b-5p	284.073985177907	0.425587099729282	0.267303225982239	0	1	1
mmu-miR-20b-3p	2.32009417000385	0.662398479472369	1.18024227855198	0.065610239658774	0.947688136612651	1
mmu-miR-210-5p	0.842208469687961	0.474794421769784	1.71603513551993	0	1	NA
mmu-miR-210-3p	26.5341177093416	0.963980868668017	0.892241664009065	0.424793397613643	0.670987291131848	1
mmu-miR-211-5p	0.678969080327514	2.22290540079253	2.00123613903135	0.818465581410192	0.413091387536319	NA
mmu-miR-2137	731.973131016762	0.831234070255072	0.423834193494399	0.581056397322437	0.56120244415034	1
mmu-miR-214-5p	0.24058885681125	0	2.16212336002668	0	1	NA
mmu-miR-214-3p	0.491000218593797	0	2.11928060844145	0	1	NA
mmu-miR-21a-5p	149.444107796371	-0.684392362420806	0.40496460093281	-0.245527291695669	0.806048179042427	1
mmu-miR-21a-3p	2.14871727287584	0.498046631600531	1.65852717877621	0	1	1
mmu-miR-22-5p	9.4172442155859	0.640400220312053	1.10329977566298	0.0502471955616812	0.959925402408329	1
mmu-miR-22-3p	200.501307403315	0.583052447137079	0.415053708739699	0	1	1
mmu-miR-221-3p	1.73014821877297	-0.852275774319665	1.43830259962534	-0.185853292393506	0.85255981121414	1
mmu-miR-222-5p	0.241814744915395	-0.71465263892906	2.1621527944192	-0.0599819487978142	0.952170011573422	NA
mmu-miR-222-3p	1.24274344322435	-0.352719106511663	1.42254815116029	0	1	1
mmu-miR-224-5p	0.255210645347229	0.409597406606649	2.16237540453955	0	1	NA
mmu-miR-23a-5p	1.94806132609454	-0.424902107606711	1.429816113699	0	1	1
mmu-miR-23a-3p	188.351247411646	0.551530529559308	0.346391197376692	0	1	1
mmu-miR-23b-3p	56.0199588017286	0.682489133699817	0.386168742545956	0.252549267285802	0.800616538089939	1
mmu-miR-24-1-5p	1.02901154032964	-0.406767613910857	1.53002521271802	0	1	NA
mmu-miR-24-2-5p	14.1556759212055	-0.42655890205702	1.02865237051475	0	1	1
mmu-miR-25-5p	1.12637877586374	-0.0634977375723634	1.55722822801711	0	1	NA
mmu-miR-25-3p	342.498506149141	1.22713760845155	0.310844979665637	2.06590149347484	0.0388377818264912	0.291627694247844
mmu-miR-26a-2-3p	1.79670915498781	1.43105293655429	1.40411683675859	0.602578370747504	0.546789212745269	1
mmu-miR-26b-5p	10.0025270019337	3.08213571145658	0.95886885425272	2.6042906698451	0.0092064640751977	0.0934185325277414
mmu-miR-26b-3p	0.81253650063685	0.506615765063275	1.74580561393728	0	1	NA
mmu-miR-27a-5p	1.47942148159072	-0.663035823549578	1.67575637429883	-0.0465899005522738	0.96284008148256	1
mmu-miR-27a-3p	77.2327355554208	0.663262902141269	0.453426701486586	0.172685907476117	0.862898321575641	1
mmu-miR-27b-5p	1.15592811177715	2.6686803231206	1.53682124235701	1.35586219461912	0.175143018128474	0.784731704601605
mmu-miR-27b-3p	26.1316033690471	0.708691990907278	0.458539642956937	0.26983379100712	0.787288125259589	1
mmu-miR-28a-5p	12.7329080366581	-0.672166831833473	0.590494985979452	-0.147680053485418	0.882595274023946	1
mmu-miR-28a-3p	8.42742426976248	0.0658936915812336	0.744612814757547	0	1	1
mmu-miR-290a-5p	3416.99022582056	0.188104832507037	0.200137474098737	0	1	1
mmu-miR-290a-3p	18.5157165696873	-0.415826670386316	0.441768725676664	0	1	1
mmu-miR-291a-5p	2373.5695971709	0.843066556555939	0.305887171160341	0.843788429752382	0.398787642122074	1
mmu-miR-291a-3p	2464.33223750855	-0.149471332263156	0.265707618944517	0	1	1
mmu-miR-291b-5p	160.443778024246	-0.0499218723385484	0.414578255790252	0	1	1
mmu-miR-291b-3p	210.637723698699	-2.19029275249309	0.843907027275238	-1.90225960904146	0.0571372233413531	0.368595260803829
mmu-miR-292a-5p	1924.79597923335	0.531346685605445	0.205393000123057	0	1	1
mmu-miR-292a-3p	627.796827232172	0.683043332996171	0.240301885204271	0.408156732485224	0.683158611292041	1
mmu-miR-293-5p	963.09634211873	0.685691113558283	0.279560022591756	0.360311220121134	0.718614409597332	1
mmu-miR-293-3p	1499.09806422425	-0.832589928924001	0.288703503685614	-0.85772228269353	0.391045832842258	1
mmu-miR-294-5p	355.727464208715	0.511828191490589	0.232551145926106	0	1	1
mmu-miR-294-3p	2269.5694307835	0.710807174360488	0.220982502554192	0.569478000225249	0.569031796383347	1
mmu-miR-295-5p	263.306457615417	0.573253085784427	0.280655756264224	0	1	1
mmu-miR-295-3p	1645.39344942419	-0.203377570355518	0.250475426622067	0	1	1
mmu-miR-296-5p	26.2060310245456	2.12313675215745	0.551722363343872	2.78794979799939	0.0053042762788735	0.0590314618132695
mmu-miR-296-3p	19.2290478793768	0.532599814798964	0.603291836275091	0	1	1
mmu-miR-297b-5p	4.72685384416103	-4.71601823747679	1.31785971715215	-3.13467031656655	0.00172047348288058	0.0228293596766846
mmu-miR-297c-5p	26.9561375301894	-4.0529169918662	1.49101946657922	-2.32589484502266	0.0200241611163048	0.177136809875004
mmu-miR-298-5p	67.2260406987476	-0.909383226282101	0.423945279387785	-0.765241981298713	0.444127465298157	1
mmu-miR-298-3p	0.788875460197643	0	2.02363351156554	0	1	NA
mmu-miR-299a-5p	13.7693945268254	0.923577297101962	0.587799613400406	0.576071825603845	0.564566634176948	1
mmu-miR-299a-3p	1.87627222043383	-0.338623572975019	1.32702645738537	0	1	1
mmu-miR-29a-5p	0.852190111420337	0.13548573525341	1.83654205035039	0	1	NA
mmu-miR-29a-3p	69.4628555735927	1.69001775940302	0.551347297095872	2.00428162884366	0.0450399006645836	0.31553811298123
mmu-miR-29b-1-5p	0.193961589408951	0	2.16212336002668	0	1	NA
mmu-miR-29c-5p	0.521210399812991	0	1.99116437536248	0	1	NA
mmu-miR-29c-3p	13.224801656136	0.713689796408598	0.739217907961901	0.174139850105034	0.861755555769763	1
mmu-miR-300-5p	1.17801148937334	-0.115691682254967	1.50472076358264	0	1	1
mmu-miR-300-3p	37.5449541898579	-0.131555983228499	0.38688172104093	0	1	1
mmu-miR-301a-5p	1.86426466136135	-2.00986547367875	1.65435758033082	-0.861302894790527	0.389071241769175	1
mmu-miR-301a-3p	398.37407515782	-1.71820781558658	0.271699117451535	-4.17095692284526	0.0000303323202940915	0.000615567676556563
mmu-miR-301b-5p	0.588294039771436	-1.22248645351028	2.03911556250027	-0.312647289105782	0.75454864635726	NA
mmu-miR-301b-3p	28.1889436956528	-1.1657415208035	0.44960486003569	-1.29175431964023	0.196442239456069	0.822686271718298
mmu-miR-302a-5p	2.84044669936071	-4.57108027091409	2.16203302493439	-1.8436895848591	0.0652283917516418	0.401853484898507
mmu-miR-302a-3p	2.73031128349731	-5.63856968777658	1.51878894357812	-3.32739266270245	0.000876627535087184	0.0126015208168783
mmu-miR-302b-5p	0.793305867392013	-3.46321234783524	1.98562081947701	-1.44954656945639	0.147185004946043	NA
mmu-miR-302b-3p	7.36781388102136	-5.33476327048955	1.07952796853807	-4.39988671734066	0.0000108307403229633	0.000266900386530167
mmu-miR-302c-3p	1.99707710339505	-3.78340122224309	1.538775058576	-2.07856158292675	0.037657665099697	0.291627694247844
mmu-miR-302d-5p	2.03802560780376	-3.36105339463039	1.52200915508302	-1.82396464872632	0.0681574168422635	0.412531733518963
mmu-miR-302d-3p	6.78583434493343	-4.94294205401334	1.06868985432916	-4.07787117622426	0.0000454499360072742	0.000825275153816294
mmu-miR-3062-5p	0.289753824855165	0	2.16250063572664	0	1	NA
mmu-miR-3064-5p	0.164793394475144	0.162001210683415	2.16231997368133	0	1	NA
mmu-miR-3068-5p	0.129030224795839	0	2.16212336002668	0	1	NA
mmu-miR-3068-3p	4.35456382473078	2.74747628003916	1.29038636668226	1.67586533394497	0.0937645732809633	0.539146296365539
mmu-miR-3072-3p	0.439222070992823	0.500554981520741	2.1257652449419	0	1	NA
mmu-miR-3079-3p	0.161160287442135	-1.19944470478792	2.16212336002668	-0.284203119686555	0.77625472483759	NA
mmu-miR-3083-3p	0.126727443854037	0	2.16212336002668	0	1	NA
mmu-miR-3094-3p	0.172364078842237	-0.727630706732938	2.16212336002668	-0.0659852294505624	0.947389585015018	NA
mmu-miR-3099-3p	0.113861412957212	0	2.16212336002668	0	1	NA
mmu-miR-30a-5p	3.32620965159763	-0.177260115593901	1.02083900676759	0	1	1
mmu-miR-30a-3p	7.32329971995389	-0.436674963189254	0.834185250160407	0	1	1
mmu-miR-30b-5p	47.4449120361707	0.406118700755886	0.433910564495833	0	1	1
mmu-miR-30b-3p	1.09077541725173	-1.11841885966881	1.79901998210774	-0.296526088788996	0.766828346366993	NA
mmu-miR-30c-1-3p	0.806664337810855	-0.452943394937653	1.72861374063322	0	1	NA
mmu-miR-30c-2-3p	0.578738896170963	-0.211043329923714	1.89167427154863	0	1	NA
mmu-miR-30d-5p	3.9977762765905	0.911986628759	1.13181071731243	0.288938886189722	0.772628145351959	1
mmu-miR-30d-3p	4.58820676844272	-0.529414320720636	1.05010756793368	0	1	1
mmu-miR-30e-5p	9.61119496984494	-0.560925819527389	0.648250129217106	0	1	1
mmu-miR-30e-3p	17.9233954800724	0.40237562420079	0.491038534321879	0	1	1
mmu-miR-31-5p	12.1442020053162	1.70540186530093	0.63890989761816	1.75367351289554	0.0794864666017085	0.472807430648093
mmu-miR-31-3p	2.06110901813857	0.0751488848090399	1.28659763603818	0	1	1
mmu-miR-3102-5p.2-5p	0.102426350161987	0	2.16212336002668	0	1	NA
mmu-miR-3102-3p.2-3p	0.806902645807525	0.718577685321599	1.76171690537359	0.0758437318691156	0.939543423298502	NA
mmu-miR-3102-3p	7.00140889540543	2.18737689077765	1.04964338289201	1.52662743954186	0.126853679807214	0.643595875492482
mmu-miR-32-5p	26.9387907344484	-1.50093607871145	0.626667882748275	-1.46165712845098	0.143835190921926	0.70890201240092
mmu-miR-32-3p	8.27674946437361	-0.00613461608828091	0.715455521150615	0	1	1
mmu-miR-320-3p	1.62278626881584	1.42949847085533	1.59848830021703	0.528334157978829	0.597267427587465	1
mmu-miR-322-5p	1095.38124329728	0.00233252136108065	0.388376046107904	0	1	1
mmu-miR-322-3p	67.5756574860063	1.6963892738854	1.19167424603311	0.932659891630624	0.350995599683536	1
mmu-miR-323-5p	0.125712952481746	-1.19944470478792	2.16212336002668	-0.284203119686555	0.776254724837591	NA
mmu-miR-323-3p	32.9625267519336	0.490579956366325	0.412626972184273	0	1	1
mmu-miR-324-5p	23.1071444627926	-2.20785752745033	0.622527002270667	-2.60694720198427	0.00913534453157324	0.0934185325277414
mmu-miR-324-3p	10.5097444433713	0.481921647605672	0.658128771196864	0	1	1
mmu-miR-326-3p	6.8413516507666	1.36298708240044	1.2380846140579	0.628409862173527	0.529735478124736	1
mmu-miR-328-5p	0.32898141525755	-0.331007903535767	2.12538737077744	0	1	NA
mmu-miR-328-3p	10.9543299033317	0.310933785915892	0.870346691181546	0	1	1
mmu-miR-329-5p	0.546662567413308	-0.513649376085546	1.90686448009753	0	1	NA
mmu-miR-329-3p	6.5806637841613	-0.773064778293034	0.780746139415019	-0.240926298672211	0.809612239010066	1
mmu-miR-33-5p	34.7672691307888	-2.26105152080424	1.1707110532478	-1.43168462912626	0.15223409732839	0.732362896342067
mmu-miR-33-3p	5.41986200792445	-1.31310420018853	1.09805516296607	-0.663119416970378	0.507254075865996	1
mmu-miR-330-5p	11.6292513375279	-0.70649278721607	0.793791724128588	-0.153100974475802	0.878318647417695	1
mmu-miR-330-3p	1.57009961235715	-2.60506613618525	1.65938436222272	-1.21738138640658	0.223459141691607	0.87606140776823
mmu-miR-331-5p	0.285239149704147	0.128530071746823	2.09704635069446	0	1	NA
mmu-miR-331-3p	3.27297840997464	0.537034253643349	1.11961526573501	0	1	1
mmu-miR-335-5p	93.4631119607826	-0.349211771634945	0.38749583250863	0	1	1
mmu-miR-335-3p	2.18772520162335	-0.518121540168009	1.36574236576862	0	1	1
mmu-miR-337-5p	6.33775340159105	0.423887542634005	0.742289400816661	0	1	1
mmu-miR-337-3p	26.1818791368758	0.558822389734378	0.457404279109859	0	1	1
mmu-miR-338-3p	0.113861412957212	0	2.16212336002668	0	1	NA
mmu-miR-339-5p	1.96880900516828	0.0178402270661048	1.29460437025387	0	1	1
mmu-miR-339-3p	1.27552623559551	-1.15550988625903	1.59424318998667	-0.357879769611966	0.720433290898097	1
mmu-miR-340-5p	0.780241626879051	2.12266906980165	1.74521495059549	0.881098668422367	0.37826441791334	NA
mmu-miR-340-3p	0.76812958143914	0.475783710358382	1.82561976198158	0	1	NA
mmu-miR-341-3p	1.76234796725564	-0.831000789396873	1.38543489673985	-0.177589209896968	0.859045599097289	1
mmu-miR-342-3p	22.6244378941051	0.455646202595432	0.497966392755695	0	1	1
mmu-miR-345-5p	3.89212453789528	0.315698203562735	1.43633445709192	0	1	1
mmu-miR-345-3p	4.06044175097595	-0.237301670503145	1.04401120595727	0	1	1
mmu-miR-346-5p	0.126521882135516	-0.25581670867796	2.16212336002668	0	1	NA
mmu-miR-3470a	0.482403601726644	-0.945845375598688	2.02590826880997	-0.178133867378663	0.858617845041221	NA
mmu-miR-3470b	0.84599884918121	-1.04236043623624	1.7635331666518	-0.259364521271514	0.795354001215274	NA
mmu-miR-3473b	45.6292416778004	-3.82395908903832	0.954146288697527	-3.39465407630375	0.000687153628369769	0.0103073044255465
mmu-miR-3473d	1.89910803575309	-0.946870604003171	1.21382845677864	-0.298154241862542	0.765585444018382	1
mmu-miR-3473e	0.93572559154748	0.48050965879744	1.88392145653451	0	1	NA
mmu-miR-3473f	0.239574365438959	-1.19944470478792	2.16212336002668	-0.284203119686555	0.776254724837591	NA
mmu-miR-34a-5p	242.423828319568	-1.84341227585832	0.290948699129646	-4.32533219396317	0.0000152302170811243	0.000350294992865859
mmu-miR-34a-3p	21.3971835447733	-1.71191007574393	0.526168798196037	-2.14179856138657	0.032209695253671	0.258426624709686
mmu-miR-34b-5p	2.03252251705625	0	1.72886885599296	0	1	1
mmu-miR-34b-3p	0.402684305490094	-0.913738750948585	2.05628781433816	-0.159888245183833	0.87296910837669	NA
mmu-miR-34c-5p	1.36985246243612	-2.65548723442099	1.6813249734554	-1.23148395841915	0.218141912746497	0.865045516063695
mmu-miR-34c-3p	0.221615551929214	0	2.16212336002668	0	1	NA
mmu-miR-350-3p	13.3847540735976	0.698956175190919	0.588334930612647	0.193756427739313	0.846366606010775	1
mmu-miR-351-5p	75.3315944955527	-0.797571799701293	0.737790162922703	-0.288170417097864	0.773216292444904	1
mmu-miR-351-3p	0.671024984495158	0	1.94134123899251	0	1	NA
mmu-miR-3535	11.6881955920524	1.5753966876342	0.697054408111239	1.42088504912659	0.155350180118002	0.734189207406995
mmu-miR-361-5p	8.48586453827198	1.14858161661824	0.698467674019198	0.806936579690006	0.419703022652284	1
mmu-miR-361-3p	2.69740917473254	-0.64980869048183	1.08263558834782	-0.0598965990575218	0.952237988592624	1
mmu-miR-362-5p	1.98124093814686	0.29818872388377	1.60539298466828	0	1	1
mmu-miR-362-3p	9.79584313598966	-0.741117077228888	0.912750167909158	-0.17108139992506	0.864159760957838	1
mmu-miR-363-5p	19.3392205926856	1.35936827098064	0.505581941452251	1.53171169056207	0.12559359624728	0.643595875492482
mmu-miR-363-3p	28.6002308761458	-0.856539625140109	0.435531278686815	-0.623553663557285	0.532920749279032	1
mmu-miR-367-3p	14.88269262998	-5.98828308699627	0.929803467330073	-5.81125020085236	0.00000000620080068285059	0.000000267409529447932
mmu-miR-369-5p	5.41709731617986	0.536251503906717	0.833952442348786	0	1	1
mmu-miR-369-3p	23.7230339123222	1.01022385085862	0.467957952900454	0.908759745403713	0.363476959475152	1
mmu-miR-370-5p	0.556364962267182	0.967308076601173	1.99766583643816	0.191396162914684	0.848215226049343	NA
mmu-miR-370-3p	2.33484964349463	-0.35274829663416	1.1963075270013	0	1	1
mmu-miR-374b-5p	17.8653036996604	-1.10731783417202	0.624824231876956	-0.836003641986995	0.403152854185962	1
mmu-miR-376a-5p	1.35730783518846	-0.291835050279507	1.43111547750271	0	1	1
mmu-miR-376a-3p	3.34882998778278	-2.82707667528377	1.5336184712043	-1.4619765063223	0.143747647983334	0.70890201240092
mmu-miR-376b-5p	4.18363160894449	-0.410773566904233	0.946660495364458	0	1	1
mmu-miR-376b-3p	105.990076693314	-0.367946336615089	0.343081961127632	0	1	1
mmu-miR-376c-5p	0.555918936524791	-0.504598928825283	2.0911440938439	0	1	NA
mmu-miR-376c-3p	57.2529527410749	0.371945225980366	0.416552041799186	0	1	1
mmu-miR-377-3p	20.0811176479258	-0.615419393318282	0.486643604565445	-0.0625856218213801	0.95009647909479	1
mmu-miR-378a-5p	5.22132183641059	-0.728163950176243	0.849603824144269	-0.168550853215993	0.866149940784368	1
mmu-miR-378a-3p	22.9263279060976	-0.429906860940888	0.533608648088316	0	1	1
mmu-miR-378b	0.218262683101001	0	2.16212336002668	0	1	NA
mmu-miR-378c	0.611356139218577	0.484451306326014	1.89768373465449	0	1	NA
mmu-miR-379-5p	31.6840071832751	1.16770910740014	0.46832437716947	1.24432260007706	0.213380856509212	0.865045516063695
mmu-miR-379-3p	31.7548823187963	0.774001358311771	0.431207884803448	0.438393786970713	0.661100849533365	1
mmu-miR-380-5p	0.0933022527209808	0.184996428246982	2.16228521007793	0	1	NA
mmu-miR-380-3p	18.5127343235916	-0.586328433771952	0.61956428893021	-0.00220466717530565	0.998240931524124	1
mmu-miR-381-5p	0.543248475477038	-0.368071219207137	2.02392421504561	0	1	NA
mmu-miR-381-3p	2.14290357080739	0.797626429799852	1.21491221725415	0.175044687227972	0.861044520284867	1
mmu-miR-382-5p	10.8769864685528	0.258955314192417	0.575754987416706	0	1	1
mmu-miR-382-3p	4.45417498783306	1.26568726347624	0.912269586230115	0.746188158664946	0.455553760210054	1
mmu-miR-384-3p	0.172364078842237	-0.727630706732938	2.16212336002668	-0.0659852294505624	0.947389585015018	NA
mmu-miR-3963	0.608841924812153	-0.875738499467784	2.0141520304121	-0.144366460106358	0.885211100284946	NA
mmu-miR-3968	0.821285716006114	-1.22605172040904	1.71735261188446	-0.373300867423151	0.708924530926266	NA
mmu-miR-409-5p	3.00758314516622	0.71173434028537	1.05185140866358	0.120522574310456	0.904069198269851	1
mmu-miR-409-3p	35.4042486385082	0.861075945373501	0.4050334673977	0.681705258645282	0.495425341625732	1
mmu-miR-410-5p	0.207609961299171	-0.377837574282498	2.16228934576881	0	1	NA
mmu-miR-410-3p	17.5439059290043	0.240669187158897	0.554125528570847	0	1	1
mmu-miR-411-5p	17.4603706920584	1.43643102324537	0.501037541412317	1.69941062724384	0.0892418409942598	0.521837883779994
mmu-miR-411-3p	55.2415085028629	0.922721931411027	0.328414010185882	1.02845621750028	0.303735275762799	1
mmu-miR-412-3p	0.662016254662842	-0.777811774487209	1.91093572162634	-0.100918765389934	0.919614946531342	NA
mmu-miR-421-5p	0.183070478493928	0	2.16212336002668	0	1	NA
mmu-miR-421-3p	3.85525099009806	-1.16701166502424	1.17036666196198	-0.49732206428996	0.618961954771241	1
mmu-miR-423-5p	13.3329019444939	-0.122160453726502	0.557868597526575	0	1	1
mmu-miR-423-3p	17.2332068158881	0.792589651938311	0.512340172307547	0.405252530329635	0.685291895625609	1
mmu-miR-425-5p	14.7521255921781	0.633944939808485	0.537860643959437	0.0910690150644731	0.927437752705015	1
mmu-miR-425-3p	2.26613603761485	0.946964736104001	1.27788413925975	0.283282516983538	0.776960278046742	1
mmu-miR-429-3p	19.7932669704358	1.39912405376664	0.590748868592779	1.37818554775213	0.16814600816825	0.773471637573951
mmu-miR-431-5p	4.24100111785413	0.422969318770148	0.861734634231619	0	1	1
mmu-miR-431-3p	0.412586192405627	-2.19587104629838	2.16084302091979	-0.745500034005952	0.455969490597272	NA
mmu-miR-433-5p	0.856887053520443	-1.76380687339328	1.91320055417434	-0.61616351202703	0.537786607713717	NA
mmu-miR-433-3p	0.710134050670983	-1.20335949491328	1.80793000975427	-0.342046976849604	0.732315539602372	NA
mmu-miR-434-5p	5.84425383063193	-0.629677825856837	0.874331527104132	-0.0511422998593928	0.959212129662079	1
mmu-miR-434-3p	6.27364344040923	0.517822572922114	0.880578412957219	0	1	1
mmu-miR-449a-5p	0.122845513226137	0.377281973737951	2.16234650329403	0	1	NA
mmu-miR-449c-5p	0.506432627468132	-2.37005836965615	2.15024974481665	-0.830180714234759	0.40643661748499	NA
mmu-miR-450a-1-3p	2.02290585464001	0.904474578008943	1.50400127307273	0.212441360927183	0.831762720746303	1
mmu-miR-450a-2-3p	1.9387877098333	-0.372117661903869	1.63807624818099	0	1	1
mmu-miR-450b-5p	1.78580591639298	2.51785390106305	1.4612815312919	1.32273717209924	0.185922797250839	0.811941329766323
mmu-miR-450b-3p	8.0805956152015	1.44042026363577	0.886740636690822	0.964721506512945	0.334684320234316	1
mmu-miR-455-5p	0.610062758865672	-1.72748155969109	1.96943692674709	-0.580124726744628	0.561830510126128	NA
mmu-miR-455-3p	1.1732351093748	-0.703315227223873	1.69652944254323	-0.0697616696385162	0.944383356013289	1
mmu-miR-463-3p	0.298743727418141	-1.2700813817777	2.16087343603707	-0.317056459499553	0.751200761974911	NA
mmu-miR-466a-5p	10.6619632974422	-4.8846545327031	1.13589738639758	-3.78528208927227	0.000153534319751392	0.00240769728701047
mmu-miR-466d-3p	33.0833555983861	-3.09344547922557	0.535590625266462	-4.68358268454833	0.00000281903660472922	0.0000810473023859651
mmu-miR-466g	71.2134602976024	-3.36959022040219	0.364037619446585	-7.64928559832433	0.0000000000000202098932409647	0.00000000000232413772271094
mmu-miR-466h-5p	9.84771933561121	-3.79424534722909	0.829808412549333	-3.86749856710706	0.000109957474423079	0.00180644422266487
mmu-miR-466h-3p	0.620650785624435	-2.46125524386383	1.96282103811243	-0.955916360539438	0.339114492587926	NA
mmu-miR-466i-3p	1.27197538526905	0	1.7418409648567	0	1	1
mmu-miR-466l-5p	0.174171497891626	0	2.16212336002668	0	1	NA
mmu-miR-466l-3p	1.32629113504845	-3.8327238028695	1.62560746680323	-1.99787548253275	0.0457301613016276	0.31553811298123
mmu-miR-466m-3p	7.24111299184845	-5.10393730546632	1.05948715471552	-4.26524737429077	0.0000199680837105095	0.00043056180500786
mmu-miR-466n-3p	4.58041472574759	-2.90041001177596	1.1855146293832	-1.95311593266418	0.0508058594612765	0.343686696355694
mmu-miR-466o-3p	1.1275455833075	-2.93598053888547	1.64456500526779	-1.42956832392374	0.152840952280083	0.732362896342067
mmu-miR-466p-5p	1.77718670494146	-2.73551035024658	1.61398461590861	-1.33244631226844	0.182713572322477	0.808156185272495
mmu-miR-466q	0.0915352392469641	0	2.16212336002668	0	1	NA
mmu-miR-467b-3p	7.98830050730238	-3.96547002487949	1.31617890118747	-2.56842555454156	0.0102161653213681	0.0986470411301073
mmu-miR-467c-5p	22.6992413693326	-2.20724531723197	0.560253677467191	-2.89562189728922	0.00378408031498081	0.0483521373580881
mmu-miR-467c-3p	2.3203571477312	-2.93948311187702	1.44432494958163	-1.63018759167587	0.103061855604147	0.573489357797268
mmu-miR-467d-5p	25.2796654106401	-2.55226970303801	0.624133559508986	-3.15206124129035	0.00162122266815619	0.0223728728205554
mmu-miR-467e-5p	94.2145360155022	-2.55656332399212	0.445277319045945	-4.42780428946017	0.00000951972187163032	0.000252638772747112
mmu-miR-467e-3p	9.02531136311225	-3.9366164083941	1.18314873496561	-2.83282550081952	0.00461385651461151	0.0548889826738266
mmu-miR-467f	0.125712952481746	-1.19944470478792	2.16212336002668	-0.284203119686555	0.776254724837591	NA
mmu-miR-467g	0.186748408019921	0	2.16212336002668	0	1	NA
mmu-miR-471-5p	0.548423321543807	1.19656883198139	1.90076684687061	0.321768202274349	0.747628305120466	NA
mmu-miR-483-5p	1.12817465072171	0	1.87816279400712	0	1	1
mmu-miR-483-3p	17.4141880610624	0	1.48567235576759	0	1	1
mmu-miR-484	38.1160342435116	0.394378352089361	0.417026017350692	0	1	1
mmu-miR-485-5p	0.294488557265701	-0.268002402678625	2.1610123417728	0	1	NA
mmu-miR-485-3p	11.7430679182774	0.376074808568273	0.61765836781619	0	1	1
mmu-miR-487b-5p	0.161160287442135	-1.19944470478792	2.16212336002668	-0.284203119686555	0.77625472483759	NA
mmu-miR-487b-3p	5.3841162844591	0.771782015768045	0.855789559096101	0.218300764552691	0.827194778798283	1
mmu-miR-488-5p	0.092379765414854	-0.25581670867796	2.16212336002668	0	1	NA
mmu-miR-489-3p	0.163675406100265	0.440606069277759	2.16236779147945	0	1	NA
mmu-miR-493-5p	0.134250757129693	0.432312581772248	2.16235734546483	0	1	NA
mmu-miR-494-3p	23.0743829269657	0.722017138738659	0.46344677239821	0.295728972948247	0.767437069099103	1
mmu-miR-495-5p	1.1561850826024	-1.35126141712824	1.59396241341309	-0.480750932367494	0.630693527536951	1
mmu-miR-495-3p	43.305451230028	0.541758691803266	0.360892562362124	0	1	1
mmu-miR-496a-3p	3.58466199237957	1.70788048911199	1.07624274084699	1.0433686990605	0.296777564595058	1
mmu-miR-497a-5p	12.1215649971069	-1.32868749882284	0.595162611372888	-1.2496164642905	0.211439685813271	0.865045516063695
mmu-miR-497a-3p	1.35310685966696	0.0657285783157924	1.40563300342855	0	1	1
mmu-miR-500-5p	0.459668326547541	0	2.07986333700259	0	1	NA
mmu-miR-500-3p	2.72460511468741	-0.445919833977974	1.67844766875871	0	1	1
mmu-miR-501-5p	1.29756148654733	0	1.79896615816649	0	1	1
mmu-miR-501-3p	1.07024926716239	-0.430879900862513	1.77398833165248	0	1	NA
mmu-miR-503-5p	143.640068673192	-1.45851735251934	0.952084535765361	-0.917518160397339	0.358871181050968	1
mmu-miR-503-3p	11.786137797731	0.965473444041463	1.32782753882306	0.286566539851687	0.774444237646366	1
mmu-miR-505-5p	0.208418890952941	0.516182191505056	2.1623766383265	0	1	NA
mmu-miR-505-3p	0.722151571734723	0.228450462772465	1.90676034293048	0	1	NA
mmu-miR-5099	71.2208154618468	-1.62108148593929	0.403817951785298	-2.56580714313815	0.0102936042918373	0.0986470411301073
mmu-miR-5100	0.556792586893218	-0.985613101793487	2.00032122098591	-0.200293131357602	0.841251334093561	NA
mmu-miR-5121	4.07463457908601	1.68060643295781	1.12121542839082	0.97719305718896	0.328473584533576	1
mmu-miR-5125	0.092379765414854	-0.25581670867796	2.16212336002668	0	1	NA
mmu-miR-5126	769.411102645417	0.575399313280171	0.358175052716197	0	1	1
mmu-miR-5128	0.74411471598372	-0.644891610178841	1.78140822795195	-0.0336414239686005	0.973163089399202	NA
mmu-miR-532-5p	19.4785718606737	-0.358652612143934	0.663211365880764	0	1	1
mmu-miR-532-3p	6.77526398444047	0.788105554657854	1.12941580343416	0.179865602481398	0.857258079988732	1
mmu-miR-539-5p	3.7141798103343	0.520022404003665	0.923098281706975	0	1	1
mmu-miR-539-3p	1.11597468813855	0.56741136045319	1.63321318065927	0	1	NA
mmu-miR-540-5p	2.03304004369347	0.162870040109496	1.24494778132543	0	1	1
mmu-miR-540-3p	3.02971141506212	-0.111092233774691	1.07201899230673	0	1	1
mmu-miR-541-5p	30.2369225740818	0.748860491206833	0.387870941623958	0.42255805448962	0.672617735596649	1
mmu-miR-541-3p	0.334538857656662	-0.765255401425805	2.15796183473221	-0.083547770772796	0.933415994551524	NA
mmu-miR-542-5p	2.76744054746029	0.560984641147332	1.53182903316474	0	1	1
mmu-miR-542-3p	23.8828584296438	1.61826375391582	0.760255906566034	1.35914926049301	0.174099295824376	0.784731704601605
mmu-miR-543-5p	0.504613637223002	0.882106375200772	1.94436556650377	0.152823049121324	0.878537820670171	NA
mmu-miR-543-3p	12.9810678482705	0.371628240849791	0.524733441987857	0	1	1
mmu-miR-544-3p	0.298044774764542	1.05360138699444	2.16232629376351	0.216729032812905	0.828419520803921	NA
mmu-miR-5622-5p	0.125712952481746	-1.19944470478792	2.16212336002668	-0.284203119686555	0.776254724837591	NA
mmu-miR-574-5p	2.11408417837005	0.0835201403602403	1.50766270839552	0	1	1
mmu-miR-574-3p	2.90145341043999	1.4976186635762	1.4252491028732	0.640348526454215	0.521946039062574	1
mmu-miR-582-5p	1.36772482923672	-0.841178116269039	1.40924289251211	-0.181810826869706	0.855731187522661	1
mmu-miR-582-3p	0.299989726714025	0.0458461331159811	2.15991478206742	0	1	NA
mmu-miR-598-3p	0.115257266265758	0	2.16212336002668	0	1	NA
mmu-miR-615-3p	0.543265357216845	0	2.10371080323882	0	1	NA
mmu-miR-6236	1.97121036897348	1.97773045308721	1.47807928883805	0.942282300336494	0.346048127527338	1
mmu-miR-6240	66.4232708678587	1.53892063817042	0.470234031215155	2.02868800240614	0.042490078672466	0.305397440458349
mmu-miR-6399	0.125712952481746	-1.19944470478792	2.16212336002668	-0.284203119686555	0.776254724837591	NA
mmu-miR-6412	0.148003529677875	0	2.16212336002668	0	1	NA
mmu-miR-6418-3p	0.205396652204177	0	2.16212336002668	0	1	NA
mmu-miR-6481	0.282739602908047	-0.727630706732938	2.16212336002668	-0.0659852294505625	0.947389585015018	NA
mmu-miR-6516-3p	0.418418583377851	-0.125562665767427	2.09542450590094	0	1	NA
mmu-miR-652-5p	2.43385409445117	-0.931807472562128	1.35169233253505	-0.256600532156957	0.797487164153459	1
mmu-miR-652-3p	1.02974724007472	0.658125270632509	1.63182349656571	0.0448349775973498	0.96423884502356	NA
mmu-miR-6538	0.593929633339548	0.525784954274687	1.96498780200652	0	1	NA
mmu-miR-6539	1.2353289727506	-2.74797365857121	1.64491250535038	-1.31497034086279	0.188519870535326	0.812991941683591
mmu-miR-6540-5p	0.190359837493193	-1.19944470478792	2.16212336002668	-0.284203119686555	0.77625472483759	NA
mmu-miR-6546-5p	0.174171497891626	0	2.16212336002668	0	1	NA
mmu-miR-664-3p	0.666090958870495	0.472903034668427	1.86433314171282	0	1	NA
mmu-miR-665-5p	0.514071591226012	-0.587558727372441	1.98128772759661	-0.00131037335724788	0.998954473628573	NA
mmu-miR-665-3p	12.561058742172	-0.613212518195518	0.549639156933255	-0.0513973888468659	0.959008865423406	1
mmu-miR-666-3p	0.890780412827784	-2.15393141486914	2.0106276154314	-0.780337891564942	0.435192015007568	NA
mmu-miR-667-5p	0.316072789974939	-1.67125870284289	2.16212336002668	-0.502421009922547	0.615371403178919	NA
mmu-miR-667-3p	2.05214213410786	1.04605033352539	1.41860905673649	0.325028118645291	0.745159790484624	1
mmu-miR-668-3p	0.190359837493193	-1.19944470478792	2.16212336002668	-0.284203119686555	0.77625472483759	NA
mmu-miR-669a-3-3p	28.2156265746377	-4.01124736195441	0.667010489525999	-5.13677807925944	0.000000279488669638197	0.00000876578100228891
mmu-miR-669b-3p	33.9764010558648	-3.62039284275136	0.532253156201759	-5.70298232459815	0.0000000117729194424434	0.000000451295245293665
mmu-miR-669c-5p	81.3745034158227	-4.36306962808352	0.535772469170729	-7.05170075873838	0.00000000000176743985337709	0.000000000121953349883019
mmu-miR-669c-3p	4.69649411010067	-4.10401905516201	1.24805439114253	-2.81963396741015	0.0048078457268522	0.0552902258588003
mmu-miR-669e-5p	10.6591996948321	-5.26961529377816	1.1303370464743	-4.14447425895594	0.0000340594210413334	0.000652805569958889
mmu-miR-669e-3p	2.60777023078634	-2.3854004376022	1.45589437935302	-1.23665422603055	0.216215479147833	0.865045516063695
mmu-miR-669f-5p	10.2140121533858	-3.40650678598697	0.988272574375365	-2.85502639496918	0.00430332523156814	0.0530231144603932
mmu-miR-669f-3p	148.585661846087	-4.09890733341214	0.36450484284479	-9.64032413195471	5.40171410112086e-22	1.8635913648867e-19
mmu-miR-669g	0.334317293961469	-1.83665219275658	2.15588635427001	-0.580591685436614	0.56151567735347	NA
mmu-miR-669h-5p	2.90565593888927	-4.24449855165997	1.38987571458069	-2.63299517543038	0.00846355495810784	0.0912477018921002
mmu-miR-669h-3p	2.21053855590915	0	1.70516789014909	0	1	1
mmu-miR-669i	3.54519475079221	0	1.71982725622576	0	1	1
mmu-miR-669k-3p	1.21014104755772	-1.91753278002262	1.77908400844967	-0.749020435781833	0.453844888335422	1
mmu-miR-669l-5p	26.7509209287515	-4.08556657371898	0.665522336098517	-5.25993476570504	0.000000144106516522529	0.00000497167482002725
mmu-miR-669l-3p	6.55471556155919	-5.54237986638202	1.25396640530556	-3.9533892971023	0.0000770519211545953	0.00132914563991677
mmu-miR-669o-5p	7.88694837462014	-3.07385438025379	1.02559719217013	-2.4267732970936	0.0152337717122357	0.138306611597929
mmu-miR-669o-3p	0.554917091834618	-1.77876012071517	1.92572669385623	-0.619920585721051	0.53531007203885	NA
mmu-miR-671-5p	1.45474276983456	-1.71130942744609	1.51632906106753	-0.742811673036168	0.457595707256184	1
mmu-miR-672-5p	18.3036355319278	0.346085301800738	0.518306884071018	0	1	1
mmu-miR-672-3p	1.01390509380336	0.276007937018661	1.63102976923947	0	1	NA
mmu-miR-673-5p	6.5322558661677	0.659070772017649	0.724693637966177	0.102261517714541	0.918549099544806	1
mmu-miR-673-3p	0.122845513226137	0.377281973737951	2.16234650329403	0	1	NA
mmu-miR-674-5p	8.81457365201137	-0.12874142050945	0.622534726241135	0	1	1
mmu-miR-674-3p	14.2155631820515	0.238160359132466	0.549263900688476	0	1	1
mmu-miR-676-5p	0.248759918211337	-0.341721943235323	2.16230359522436	0	1	NA
mmu-miR-676-3p	0.751338076413077	0.71266348419617	1.90132606769072	0.0671641680220138	0.94645101046198	NA
mmu-miR-677-5p	1.28741709868993	1.71971034150341	1.60259176986203	0.708070428241342	0.478901522595381	1
mmu-miR-677-3p	6.09044426817978	1.3368256289969	0.884350682440437	0.85018663207328	0.395221332684517	1
mmu-miR-679-5p	0.15705029684236	0.21127503617585	2.16231956857815	0	1	NA
mmu-miR-686	0.0915352392469641	0	2.16212336002668	0	1	NA
mmu-miR-690	23.0530125589057	1.99323082980089	0.647743874536394	2.17411292401285	0.0296966556028486	0.243936813880542
mmu-miR-6902-3p	0.125712952481746	-1.19944470478792	2.16212336002668	-0.284203119686555	0.776254724837591	NA
mmu-miR-6911-3p	0.113861412957212	0	2.16212336002668	0	1	NA
mmu-miR-6925-5p	0.126727443854037	0	2.16212336002668	0	1	NA
mmu-miR-6937-3p	0.125712952481746	-1.19944470478792	2.16212336002668	-0.284203119686555	0.776254724837591	NA
mmu-miR-6947-5p	0.159819472688289	0	2.16212336002668	0	1	NA
mmu-miR-6958-3p	0.159855069202409	-1.19944470478792	2.16212336002668	-0.284203119686555	0.776254724837591	NA
mmu-miR-696	0.244468649181418	0.617305568430504	2.16237934821683	0.0149571663898931	0.988066352825416	NA
mmu-miR-6980-3p	0.0915352392469641	0	2.16212336002668	0	1	NA
mmu-miR-700-5p	0.333524366284371	-1.30348787465197	2.15506023736305	-0.333413127611697	0.738822455119893	NA
mmu-miR-700-3p	3.09021698443024	0.687315178354432	1.11729758504018	0.0916073560022908	0.927010006784274	1
mmu-miR-702-3p	0.637539471255805	0.104404714097453	1.87443663912945	0	1	NA
mmu-miR-7021-5p	0.138979293284552	0	2.16212336002668	0	1	NA
mmu-miR-7026-5p	0.0915352392469641	0	2.16212336002668	0	1	NA
mmu-miR-7032-5p	0.126727443854037	0	2.16212336002668	0	1	NA
mmu-miR-7033-5p	1.83086667141075	2.12466054238393	1.56490624533068	0.983891556607231	0.325168835611222	1
mmu-miR-706	0.895836210140974	0.849247909462936	1.68000172703883	0.157312581581454	0.874998505048559	NA
mmu-miR-7061-5p	0.0915352392469641	0	2.16212336002668	0	1	NA
mmu-miR-7068-5p	0.125712952481746	-1.19944470478792	2.16212336002668	-0.284203119686555	0.776254724837591	NA
mmu-miR-7070-3p	0.20907458173017	0	2.16212336002668	0	1	NA
mmu-miR-708-5p	32.9464668549583	-0.770708933696161	0.41108924836879	-0.451839676449943	0.651384484324192	1
mmu-miR-708-3p	4.12813798809565	-2.5775548142741	0.964741576069818	-2.06541561282183	0.0388836925663793	0.291627694247844
mmu-miR-7082-3p	0.198218585608201	0	2.16212336002668	0	1	NA
mmu-miR-709	1.87891036532147	0.0881580340739972	1.26305085871843	0	1	1
mmu-miR-712-5p	21.3967507245438	1.81785701199138	0.649568049471976	1.8980220967956	0.0576931712562515	0.368595260803829
mmu-miR-712-3p	17.2450068564596	1.53445751252573	0.733539358825221	1.29440227082731	0.195526506684607	0.822686271718298
mmu-miR-714	7.12192247417285	0.437391265995838	0.846056353757386	0	1	1
mmu-miR-7226-3p	0.166704310527121	0	2.16212336002668	0	1	NA
mmu-miR-741-3p	0.746402011603141	0.85364343132029	1.74294233124701	0.154153654875605	0.877488583357748	NA
mmu-miR-742-3p	0.198218585608201	0	2.16212336002668	0	1	NA
mmu-miR-743a-5p	0.126727443854037	0	2.16212336002668	0	1	NA
mmu-miR-743b-3p	0.161160287442135	-1.19944470478792	2.16212336002668	-0.284203119686555	0.77625472483759	NA
mmu-miR-744-5p	10.2761636985478	-0.632121167497954	0.877545638012934	-0.0537392754678624	0.957142890698045	1
mmu-miR-744-3p	1.0864238613436	-1.14899987134982	1.74773071950319	-0.322725557395361	0.746903094961482	NA
mmu-miR-758-3p	1.76932717644909	-1.12777344964638	1.33422730638035	-0.406835436757644	0.684128857831038	1
mmu-miR-760-3p	0.113861412957212	0	2.16212336002668	0	1	NA
mmu-miR-7648-5p	0.126727443854037	0	2.16212336002668	0	1	NA
mmu-miR-7666-3p	0.125712952481746	-1.19944470478792	2.16212336002668	-0.284203119686555	0.776254724837591	NA
mmu-miR-7667-5p	0.196086105861031	-0.714652770611587	2.16215279436927	-0.0599820097026321	0.952169963065748	NA
mmu-miR-7669-5p	0.174276774232278	0.521237662433151	2.16236985670545	0	1	NA
mmu-miR-7669-3p	0.369268340335902	-0.813959474521173	2.11871492009057	-0.108082957092796	0.913929887219575	NA
mmu-miR-770-5p	0.185682018135835	0.584440922774163	2.16237549517905	0	1	NA
mmu-miR-7a-1-3p	16.9792750452098	0.848396533126518	0.504140982529111	0.522540403447859	0.601294122825072	1
mmu-miR-7a-2-3p	0.998821485642061	-0.351630897064142	1.70405362203053	0	1	NA
mmu-miR-8094	0.113861412957212	0	2.16212336002668	0	1	NA
mmu-miR-8112	0.444852862989618	-0.324038109943905	2.13829804344352	0	1	NA
mmu-miR-871-5p	0.658382958111576	0.988956171441299	1.90197803827411	0.212407116481079	0.831789434298584	NA
mmu-miR-871-3p	0.092379765414854	-0.25581670867796	2.16212336002668	0	1	NA
mmu-miR-872-5p	7.36793141293948	0.395864526466127	0.751416121173514	0	1	1
mmu-miR-872-3p	2.19792024935277	-0.475643004944849	1.1628914921294	0	1	1
mmu-miR-874-3p	0.560801386458736	0.812164119385815	2.0864870583681	0.108891937648709	0.913288201442965	NA
mmu-miR-877-5p	2.02779329750167	-1.16574930006031	1.62209838437704	-0.358046592569784	0.720308445901066	1
mmu-miR-877-3p	0.751416542774557	1.03951727378946	1.74764364007029	0.260095801367163	0.794789876528802	NA
mmu-miR-878-3p	0.127444369441643	0.166629317144408	2.16231335960543	0	1	NA
mmu-miR-881-3p	0.22486350907053	0.217402072983348	2.16233611304882	0	1	NA
mmu-miR-883a-3p	0.092379765414854	-0.25581670867796	2.16212336002668	0	1	NA
mmu-miR-92a-1-5p	2.21187111894999	-0.337286835891481	1.32200579296051	0	1	1
mmu-miR-92a-2-5p	1.19528024737667	0.827053783930306	1.75347188679582	0.138063966141785	0.890189863847249	1
mmu-miR-92b-5p	0.278061783550689	0.953504493739179	2.16235394803825	0.170435553972269	0.864667613134257	NA
mmu-miR-92b-3p	5.36784643830168	0.113085159068369	0.774137413083009	0	1	1
mmu-miR-93-5p	258.644028411817	0.666054031812942	0.252460660746118	0.321204621948344	0.74805532977503	1
mmu-miR-93-3p	6.92625468015433	0.0220710807338105	0.742660215671942	0	1	1
mmu-miR-935	0.455127328166343	-0.497159293659022	2.00325135602311	0	1	NA
mmu-miR-96-5p	8.4218144416776	-0.787345805183917	0.807665460333223	-0.250578134639139	0.802140288503106	1
mmu-miR-96-3p	9.31321982353488	1.22167630172255	0.738670235283159	0.861973003091582	0.388702374082258	1
mmu-miR-98-5p	0.667045406735838	0.308966149068472	1.77446075706388	0	1	NA
mmu-miR-98-3p	0.275192564957014	0.66284611750675	2.10201561738679	0.0370518735167239	0.970443645024483	NA
mmu-miR-99b-5p	12.4110329673903	0.291942813827975	0.652079077108488	0	1	1
mmu-miR-99b-3p	3.55271616316212	0.188408709566315	1.39945362439913	0	1	1
mmu-let-7a-5p	0.208313614612288	0	2.16212336002668	0	1	NA
mmu-let-7f-5p	0.393341108625883	0	2.0979668364539	0	1	NA
mmu-miR-103-3p	0.592313616771555	-1.70144946960954	1.91043028160819	-0.584416494879115	0.558940131781738	NA
mmu-miR-128-3p	0.41782293610757	1.48874766330415	1.99464971204208	0.453104701605838	0.650473349993541	NA
mmu-miR-16-5p	0.126521882135516	-0.25581670867796	2.16212336002668	0	1	NA
mmu-miR-19b-3p	8.6746922358505	0.544672372596633	0.673106557593767	0	1	1
mmu-miR-219a-5p	1.71889196934429	-0.76792691190447	1.43811019449383	-0.127225585274229	0.898761855801575	1
mmu-miR-29b-3p	1.39607170463109	0	1.75938195918007	0	1	1
mmu-miR-466f-3p	86.6420609236014	-3.70524916269525	0.36259498366716	-8.60543251430727	7.60295219285288e-18	1.31150925326712e-15
mmu-miR-7a-5p	1.52668782146912	-0.0639128150498917	1.3321005745971	0	1	1
mmu-miR-92a-3p	125.874202900249	1.32654057085972	0.365023507432777	2.03158989774141	0.0421951902574283	0.305397440458349
