	diapaused_ICM	mTor_ICM	diapaused_TE	mTor_TE
mmu-let-7b-5p	-0.33396575479231405	1.6386525623813721	1.1900349628135425	1.2467809314906946
mmu-let-7b-3p	0.012669520931146108	0.40688723007756106	-0.04246316471025207	0.09198770180862852
mmu-let-7d-5p	2.4402079791790596	0.3769904400638955	3.59316638387623	2.1337031008252882
mmu-let-7d-3p	0.2856583056290733	0.18189018275113789	0.3619974200014243	0.09198770180862852
mmu-let-7e-5p	-0.4670405255055914	-1.4343715613214014	-0.915944476026947	-1.744143274256646
mmu-let-7g-5p	1.2824818025310005	0.8753472618808092	1.5574873429012113	0.3629456944853956
mmu-let-7i-5p	1.5111791644327595	0.5038122123115855	2.193073344677229	1.1786337639608042
mmu-miR-100-5p	-1.2881394785380578	1.0888838461196138	1.1859018765148635	1.498767300478505
mmu-miR-101a-3p	-1.15699996855755	0.7948766924456062	1.213982357116765	1.6185615506599516
mmu-miR-101b-5p	-0.8778148127564891	-0.34680993261985976	0.06798278309159222	0.09198770180862852
mmu-miR-101b-3p	0.9930645311000673	0.5325237506136775	-0.7076862296877654	-0.3689483572968772
mmu-miR-101c	-0.23687392597657694	-0.019291773711047767	0.21305072007763706	0.48021389269776404
mmu-miR-106b-5p	0.32689128474755963	-1.155615405865523	-0.1633691874886008	-1.201846551446583
mmu-miR-106b-3p	1.400984078944241	0.4807973866321253	2.1030514375984777	0.3344551153419321
mmu-miR-10a-5p	2.057342850972991	2.3234330103048704	2.5708694833993637	2.0638237964068296
mmu-miR-10b-5p	2.2983524227942524	2.822184984840623	1.2115582729298255	2.575881087902973
mmu-miR-10b-3p	0.38721591624883056	1.2842359932083154	0.11628591924732004	1.4383814240469543
mmu-miR-1187	0.012669520931146108	-0.019291773711047767	-1.2631106890870112	-0.6581674105919764
mmu-miR-1195	0.012669520931146108	-0.019291773711047767	-0.8088668365666178	-0.22212925707464265
mmu-miR-1198-5p	-2.0323182536150073	-2.6908309393366086	1.4447990713752563	1.8646694110427016
mmu-miR-122-5p	-1.7665648048542382	-0.6048972391097587	-1.723681388794359	0.8217172885609415
mmu-miR-122-3p	0.012669520931146108	0.5881861482362203	0.06798278309159222	0.09198770180862852
mmu-miR-1247-5p	-1.3428835769078915	-0.5913928170577142	0.06798278309159222	0.09198770180862852
mmu-miR-1247-3p	0.012669520931146108	-0.019291773711047767	0.06798278309159222	0.5139896790666367
mmu-miR-1249-3p	1.4381723560935573	0.4011779821592838	-2.3545059617713386	-0.29653171591118
mmu-miR-125a-5p	0.19257390056066076	0.340734646713199	-0.7624017131055263	-1.4554206283391102
mmu-miR-125a-3p	0.2970499386022362	-0.019291773711047767	-0.7189232396135812	-0.24740831127958862
mmu-miR-125b-2-3p	-0.22015265927381963	-0.019291773711047767	-0.04130497627807317	0.49236933838695224
mmu-miR-126a-5p	-0.9830660010454544	-0.878807880475006	-0.7228470386281733	0.9714650656387935
mmu-miR-126a-3p	0.7063135499200381	-0.23451607092186832	1.068336426905308	2.243501017861232
mmu-miR-127-5p	0.012669520931146108	0.5881861473092533	0.06798278309159222	0.09198770180862852
mmu-miR-127-3p	-1.0729632501054334	0.11185453899726948	-0.4858243648334076	0.09198770180862852
mmu-miR-129-2-3p	-0.6376229135958613	-0.13903761084066332	0.06798278309159222	0.09198770180862852
mmu-miR-1306-5p	0.3333838902426138	-0.019291773711047767	-0.8360156180979842	-0.7456392927484042
mmu-miR-130a-3p	-1.0505866888009214	-0.22241834931192883	-0.6360568266305788	-1.4861516622136628
mmu-miR-130b-5p	0.8487380581001486	-0.252330097866032	0.06798278309159222	0.09198770180862852
mmu-miR-130b-3p	-0.6032493593246067	-1.1355696394221388	-1.9304139829963511	0.46927656611006985
mmu-miR-132-3p	0.23097623716891907	-0.019291773711047767	0.3933840442136497	0.09198770180862852
mmu-miR-134-5p	-3.0434948290314576	-1.2435873664227863	0.06798278309159222	0.09198770180862852
mmu-miR-135b-5p	-0.7435190886173754	-1.409506910224854	4.933166835515532	0.09198770180862852
mmu-miR-136-3p	0.06505792796564848	-0.019291773711047767	0.06798278309159222	0.09198770180862852
mmu-miR-137-3p	0.012669520931146108	0.39984139938120855	0.12843669309811043	0.09198770180862852
mmu-miR-140-5p	0.026390458597364018	0.5454310157982022	-1.1457964066195845	-2.0797933066671357
mmu-miR-140-3p	-0.12717248452505173	-0.2946079674233379	-0.8586654191301053	-0.2023503773059484
mmu-miR-141-5p	-0.5399806782247893	-0.7515440746172887	0.11007488251901211	-0.7423833838734282
mmu-miR-141-3p	1.935947515135416	1.6728681802577823	2.077002404895162	0.5942472207997016
mmu-miR-142a-5p	-0.46694144923840697	-0.1965152825059476	0.06798278309159222	0.09198770180862852
mmu-miR-142a-3p	-2.4326002554256543	-2.6401597820816893	0.06798278309159222	0.09198770180862852
mmu-miR-143-3p	-1.0158042226500879	0.7530104270856531	2.1184081444574474	1.069948046520864
mmu-miR-144-5p	-1.0707852544454346	-0.5858306939096808	0.14373321363340544	0.9442409504483298
mmu-miR-144-3p	-0.8341906510601851	-0.19593218309403473	0.06798278309159222	0.09198770180862852
mmu-miR-145a-5p	0.25120996264228285	-0.019291773711047767	-0.5052945006191712	-0.003712028632229705
mmu-miR-146a-5p	-0.019348260022739726	1.1687975041987362	0.46570727923694294	0.09198770180862852
mmu-miR-146b-5p	0.09349794760077795	1.2718981413251647	-1.6867091135934187	0.2960418524435333
mmu-miR-147-5p	-0.8118856967090943	-0.9664560398237938	-1.099652775217023	-3.304307794946346
mmu-miR-147-3p	0.012669520931146108	-0.019291773711047767	0.04285551950895607	0.4994199153495929
mmu-miR-148a-5p	0.4682297080870403	0.2647552292589423	0.06798278309159222	0.09198770180862852
mmu-miR-148a-3p	1.0335349066058097	1.154832518459055	2.100692896174632	2.491063773675686
mmu-miR-148b-5p	-0.08159938072666859	0.21798239806182762	-0.04548044311072486	0.09198770180862852
mmu-miR-148b-3p	1.3565151593688982	1.7007704492428521	-0.8474406280827871	-1.0664279979774873
mmu-miR-150-5p	0.12217599054988017	1.778569644015157	0.06798278309159222	0.9460482164848489
mmu-miR-151-5p	-0.04762981634720249	-0.49481717840499384	0.21133828834106078	0.47290933964633164
mmu-miR-151-3p	1.0326080973568659	-0.019291773711047767	0.3770887218400083	-0.08858466055508848
mmu-miR-152-3p	4.11351154413458	2.4766708143154657	-0.569399027179809	-1.0481655081538424
mmu-miR-153-3p	0.19981425135620237	-0.019291773711047767	0.06798278309159222	0.09198770180862852
mmu-miR-154-3p	-0.45075167665985955	-0.3688723578647295	0.06798278309159222	0.09198770180862852
mmu-miR-155-5p	-0.7824444542327833	0.8791562858534071	-1.1002178340862054	1.8287823344931964
mmu-miR-15a-5p	1.9398520938964343	1.38567439787756	0.12451034138268142	-0.18778665419961243
mmu-miR-15b-5p	-0.10290980115049055	0.5356010910505427	-0.8606954978493225	-0.7534427220612964
mmu-miR-15b-3p	0.012669520931146108	-0.019291773711047767	-0.8088668365666178	-0.22212925707464265
mmu-miR-16-1-3p	0.012669520931146108	0.7605519626875734	0.06798278309159222	0.09198770180862852
mmu-miR-16-2-3p	0.38686819856318644	-0.019291773711047767	0.06798278309159222	0.09198770180862852
mmu-miR-17-5p	-1.5766149273808931	-2.4767688548472298	0.7328804024610331	-0.7871816107769439
mmu-miR-17-3p	0.8418992001222159	-0.019291773711047767	0.07996399481251505	-0.42905299115483914
mmu-miR-181a-2-3p	-0.00883933283194558	0.22266745770071514	0.06798278309159222	0.09198770180862852
mmu-miR-181c-5p	0.012669520931146108	-0.019291773711047767	0.41397999601712454	0.6966742789767016
mmu-miR-181d-5p	-0.6704600654888082	-0.28630528220263873	-0.676312599542614	0.26160010574356546
mmu-miR-182-5p	-0.3819036279360762	-1.0412974362703313	-0.6776162856725102	-0.3090355512828726
mmu-miR-183-5p	0.14358785857620202	-1.1547773475901943	-0.4462436017018772	-1.170994620816346
mmu-miR-1839-5p	2.478595481017482	1.5956214728061286	1.4060976647665422	3.493103304694065
mmu-miR-1839-3p	0.6842378650202583	-0.019291773711047767	-0.015242760548817187	0.09198770180862852
mmu-miR-184-3p	-1.4105321640389352	-0.3903797104079076	-1.8700388671553028	0.2865019787023938
mmu-miR-1843a-3p	-0.24216877218565624	-0.019291773711047767	0.06798278309159222	0.936165071844952
mmu-miR-1843b-5p	0.06505792796564859	-0.019291773711047767	0.06798278309159222	0.09198770180862852
mmu-miR-1843b-3p	0.012669520931146108	0.23128233373330687	0.06798278309159222	0.5006526131919091
mmu-miR-185-5p	1.0714578222680358	0.7824193711948949	0.3332098746339084	-0.5215796583124727
mmu-miR-186-5p	-1.3491848229641805	-3.059329290639466	-1.6144167965082528	-0.9439784172356772
mmu-miR-188-5p	0.4215642165424034	-0.44882886485054163	1.4102885629653208	0.09198770180862852
mmu-miR-1895	0.012669520931146108	-0.019291773711047767	0.06798278309159222	0.5139896790666367
mmu-miR-18a-5p	-1.9594800892380135	-2.673786083962568	-0.36710485294094936	-0.41080264445405523
mmu-miR-18a-3p	-0.19789181168992293	-0.17174902276832152	0.02107647051119837	0.09198770180862852
mmu-miR-190b-5p	0.012669520931146108	-0.019291773711047767	0.06798278309159222	0.730649647494156
mmu-miR-191-5p	-0.915406658709202	-1.090356632516592	-0.2611107285694908	-0.4627156312990825
mmu-miR-192-5p	1.261674039728156	0.3354824786376011	-0.6229274701369509	-0.06929887175317788
mmu-miR-1934-3p	0.049312919207901436	-0.019291773711047767	0.25601874226580595	0.09198770180862852
mmu-miR-193a-5p	0.3723713110574368	-0.019291773711047767	-0.2204657667994474	-0.19345690497592066
mmu-miR-193b-3p	0.012669520931146108	0.4152375662431625	0.06798278309159222	0.09198770180862852
mmu-miR-1943-5p	-0.16992670771974364	0.2306297844788991	0.06798278309159222	0.09198770180862852
mmu-miR-1949	0.012669520931146108	0.39453738855505677	-0.3891973800744507	-0.09240945541113911
mmu-miR-195a-5p	0.13678879315429535	0.6394028803385208	0.06798278309159222	0.9296668499214662
mmu-miR-1968-5p	0.292104111245299	-0.019291773711047767	-1.042392496836832	-0.9443043136875787
mmu-miR-1981-5p	1.8679334704822095	-1.7718975716431387	0.8475123616365436	-2.167889582168896
mmu-miR-1981-3p	-0.4074014828834716	-0.1587226659714071	-0.04333671924643831	0.09198770180862852
mmu-miR-1983	0.9790487441196157	0.41232844511847366	-0.19977301199101768	-0.7458856893046223
mmu-miR-19a-3p	-1.045691355590668	-0.6701928474508678	0.01366225145672589	-0.8301363551308384
mmu-miR-200a-5p	-0.36528143003081553	-0.35262732226213284	0.570159644952245	-0.4099562937388053
mmu-miR-200a-3p	1.8647921855724905	1.4453234235165835	0.8144401229076178	0.049263901550894836
mmu-miR-200b-5p	2.2791349971702917	0.376542370547669	-0.6031507127858996	0.9828476789046144
mmu-miR-200b-3p	1.512158194989865	1.4110422229632866	0.5359995135527983	-0.1237712901382313
mmu-miR-200c-3p	1.4574230544047608	0.9696610951498265	0.9913591469572184	0.7522209251360263
mmu-miR-203-5p	-0.17117405337769256	-0.019291773711047767	0.06798278309159222	0.7160108695765767
mmu-miR-203-3p	-0.4224154653335075	4.09244394840835	0.1590905326896868	1.1022710221901386
mmu-miR-205-5p	0.7106491706185897	3.8727549494397144	-1.88767254954972	0.5206670152261252
mmu-miR-20a-5p	-1.4740998519673219	-1.867960312819378	-0.7181388038823694	-0.16310960663313387
mmu-miR-20a-3p	0.012669520931146108	0.21350369343223446	0.4502243345774425	0.09198770180862852
mmu-miR-20b-5p	0.2418221394224025	-0.019291773711047767	0.06798278309159222	0.09198770180862852
mmu-miR-210-3p	0.7562403851722309	-0.019291773711047767	1.242953915062042	0.09198770180862852
mmu-miR-2137	-2.674155854691419	-0.22351839097019374	-4.261097589591539	-2.193032323735855
mmu-miR-214-3p	0.012669520931146108	0.24194953030793429	0.06798278309159222	0.09198770180862852
mmu-miR-215-5p	2.7816473452462644	0.4084084266788634	2.997461516334927	-0.8984367513421311
mmu-miR-219a-1-3p	-0.13744486779987847	-0.2121312645765276	-0.016031228859844846	-0.025141380488951526
mmu-miR-21a-5p	1.4601398706887276	2.474292690177668	0.5745800662386064	0.08202549080414805
mmu-miR-22-5p	-0.4979135577171884	1.41041942165921	0.34475397619513903	-0.2716973881434066
mmu-miR-22-3p	0.09853244035185553	1.0985941283625897	0.17629902820296092	1.8221141870971949
mmu-miR-221-3p	-0.37987534163263054	3.4160255051418376	-1.6794746035327868	0.897373063199758
mmu-miR-222-5p	-0.641902293097139	-0.1545991728473125	0.13670715684540377	0.09198770180862852
mmu-miR-222-3p	-0.5234513621898867	2.3103067092579583	-0.4967701518568033	-0.303132012622422
mmu-miR-223-3p	-0.21633745175803792	0.3036882672876044	0.002395704554633057	2.335542224674099
mmu-miR-224-5p	1.9625250320472307	0.26152036852872484	0.06798278309159222	0.09198770180862852
mmu-miR-23a-5p	0.5852851524025788	0.2392905697269035	1.1474815867680588	0.09198770180862852
mmu-miR-23a-3p	1.61083076631493	2.9915656620271855	3.2689065301320515	3.059173979067467
mmu-miR-23b-3p	-0.2866192195005166	0.1729548071750839	-0.0336198433923261	0.08730970362712301
mmu-miR-24-1-5p	-0.08708435811753693	0.21517737849965063	0.06798278309159222	0.48051677949698274
mmu-miR-24-2-5p	0.06718806014436986	0.2869543639796338	1.07949076477215	-0.6460960460687392
mmu-miR-25-5p	-1.5577293204876332	0.29263236693200717	1.1375044392915863	0.8078698428937114
mmu-miR-25-3p	0.04071958524426051	0.7541746505839668	2.0798305022513297	1.6436038855391335
mmu-miR-26b-5p	0.6982271782226819	1.4532342092649086	1.168530119927695	1.8463569133498443
mmu-miR-27a-5p	-0.24521591948875543	-0.019291773711047767	0.10888326325734017	-0.004881191639336228
mmu-miR-27a-3p	-0.022722723460378725	2.436804477612566	2.462793742333924	1.3282840541512237
mmu-miR-27b-5p	0.3090532979054995	-0.019291773711047767	0.39618048025756786	0.09198770180862852
mmu-miR-27b-3p	1.4564738726035102	2.9203100151162884	0.43943996823294823	-0.25091849289682655
mmu-miR-28a-5p	1.6577732228785254	0.9125463032308071	0.9248428342863948	0.2031938852004802
mmu-miR-28a-3p	2.008694646121879	-1.847628063074478	1.5321462781993294	0.09922355819652853
mmu-miR-290a-5p	-0.6780713645455853	-1.0883012906139886	-0.7611576058221686	-1.9480439677047783
mmu-miR-291a-5p	-0.6099433467863347	-1.392961723010709	-0.5138349621779538	-0.8702651703320989
mmu-miR-291a-3p	-0.9264729041884133	-1.1251659376264256	0.5617656033579006	0.14861561953535776
mmu-miR-291b-5p	-0.46955138198980617	-1.4044851539167806	-0.7363063148890787	-1.2519797333944656
mmu-miR-291b-3p	-0.006243589240213883	-1.2711313556239128	0.1338515451231745	-0.8349785437695653
mmu-miR-292a-5p	-0.7184400617778037	-0.7003737395636899	-0.05359709457542579	-0.5225058949191951
mmu-miR-292a-3p	-0.7265923588688972	-0.23509495728197224	0.21028426598388103	0.03981747243450299
mmu-miR-293-5p	-1.0553758069946988	-0.8214879568728946	-0.30439957636741294	-0.3603885131959107
mmu-miR-293-3p	-0.4177802526941804	-0.3386360982724672	0.025396068402694275	-0.2026093967165706
mmu-miR-294-5p	-0.07807378934685053	-0.019251975143626376	-0.2852616296363353	-0.7881043911796949
mmu-miR-294-3p	-0.16888410511086105	0.15051979013670344	0.5167399486985744	0.1828762861937677
mmu-miR-295-5p	0.2953121111025792	0.5565441743724423	-0.9520952337226343	-1.5377502738768987
mmu-miR-295-3p	-0.16827193203970334	0.28621774733898414	0.5932082223725129	0.4160996933985847
mmu-miR-296-5p	-0.07462017090851256	0.23022929683857266	-1.087655159797815	0.1974845142402317
mmu-miR-296-3p	-1.4316935889584124	-2.159818325756571	-1.5874299025042797	-2.014348744376394
mmu-miR-297b-5p	0.30228763686820687	-0.5798720577112567	-1.7733822682304403	-1.0273123715953931
mmu-miR-297c-5p	-0.24342643198813696	-0.019291773711047767	-0.3312147222621065	-0.2783549982845613
mmu-miR-298-5p	0.4077756766687542	-2.570155323433851	-1.069945583440396	-2.2756429170141708
mmu-miR-299a-5p	0.012669520931146108	0.2419495279560578	0.06798278309159222	0.09198770180862852
mmu-miR-29a-3p	-0.7097767735584972	3.6564875324246966	1.7119203585234808	3.839219267300369
mmu-miR-29b-1-5p	-0.17117412924970174	-0.019291773711047767	0.06798278309159222	0.716010889854749
mmu-miR-300-3p	-0.5626773817753018	-0.3628771821106556	0.06798278309159222	0.09198770180862852
mmu-miR-301a-5p	-0.21430781863496062	-0.1725320544697876	-0.5040554066336866	-0.0042317063548725845
mmu-miR-301a-3p	0.5650727976437372	-1.1517864335626888	-1.2295485930230274	-1.5137674293336734
mmu-miR-301b-3p	-0.08943970825611179	-0.019291773711047767	-0.7926301795897112	-0.23795360935854665
mmu-miR-302a-5p	-0.6376229113971511	-0.1390376090148791	0.06798278309159222	0.09198770180862852
mmu-miR-302a-3p	0.012669520931146108	0.41523756733872913	0.06798278309159222	0.09198770180862852
mmu-miR-302b-3p	-0.8254676119509423	-1.471507420823118	0.06798278309159222	0.09198770180862852
mmu-miR-302d-3p	-2.0256085860216335	-2.5119952633968743	0.06798278309159222	0.09198770180862852
mmu-miR-3057-5p	-0.2392943548243327	-0.019291773711047767	-0.5992857906668063	-0.23713076409272318
mmu-miR-3057-3p	0.012669520931146108	0.4152375662934596	0.06798278309159222	0.09198770180862852
mmu-miR-3068-5p	-0.2075450508135663	-0.22436960192237848	-0.7178152567268018	-0.37099405175545985
mmu-miR-3068-3p	-0.6428150671867588	0.021898018101756744	0.053615940009539634	0.09198770180862852
mmu-miR-30a-5p	-0.8521068059762659	-0.08226208790213334	0.9644152105813658	0.2934612972432572
mmu-miR-30a-3p	-0.013014254655919499	-0.019291773711047767	0.8217810090611803	1.1514819716036722
mmu-miR-30b-5p	1.7254870701492737	2.2082991416591344	3.3593284037665976	2.1814321704767647
mmu-miR-30b-3p	-0.173575082431861	-0.019291773711047767	-0.24058958479222908	-0.3598607168266543
mmu-miR-30d-5p	1.6234032118658352	1.119316667929069	2.138965666130801	1.9779007001155415
mmu-miR-30e-5p	-0.829196623829427	0.5369345628845312	-0.9580398518247444	0.9285588155819529
mmu-miR-30e-3p	-2.5087748789898665	0.11363904330080223	-0.6160378386725659	1.5513497466582196
mmu-miR-31-5p	-0.008723720305747501	1.1522451246882222	-0.13409922794023382	-1.0027838861496472
mmu-miR-3102-3p	0.21970306088004704	-0.019291773711047767	0.05458111261703714	0.09198770180862852
mmu-miR-3103-3p	0.06505792796564859	-0.019291773711047767	0.06798278309159222	0.09198770180862852
mmu-miR-32-5p	0.15884221563763584	-0.562719861929663	0.3180163024207773	-0.27627331036942643
mmu-miR-320-3p	-0.5932701573485114	0.7554739462608472	-0.7916671779716826	1.5278031926548126
mmu-miR-322-5p	0.8507822315785286	1.7811776846466518	0.3497894322467002	0.06544007330511417
mmu-miR-322-3p	0.2849531784328136	0.7509543700495187	-0.49870464974855644	-0.07321908206630928
mmu-miR-323-3p	0.3093208653799317	-1.172632907470016	-1.2414683414215113	-0.19166443292454036
mmu-miR-324-5p	1.2676492273191171	-0.6272934860861048	1.3192702061311492	-1.0179945332956282
mmu-miR-324-3p	-0.8789719747427239	-0.4616067306474262	1.9819369154551887	0.9522270042603548
mmu-miR-328-3p	-0.4762933301446624	-1.351668689891986	1.6610609503898865	-0.10871431877614696
mmu-miR-329-3p	0.47259303783821044	-0.019291773711047767	0.06798278309159222	0.09198770180862852
mmu-miR-33-5p	0.012669520931146108	-0.019291773711047767	0.06798278309159222	0.5139896790666367
mmu-miR-33-3p	0.26013946765595036	-0.019291773711047767	0.06798278309159222	0.09198770180862852
mmu-miR-330-5p	0.5321391919622638	-0.019291773711047767	0.058278987262883476	0.42914519107589794
mmu-miR-330-3p	0.54917659406219	-1.0931847152639889	-0.1319142445027292	-0.9086017914159203
mmu-miR-331-3p	-1.5494668284544517	-0.7522070539203454	-0.3174897416787333	-0.5331909141989087
mmu-miR-335-5p	-1.027968502942294	-1.4531656675853393	-2.221627674879368	-0.42266255569538597
mmu-miR-335-3p	-0.479555082789716	0.19858537099308818	0.06798278309159222	0.09198770180862852
mmu-miR-338-3p	0.012669520931146108	-0.019291773711047767	0.06798278309159222	0.9468851996616733
mmu-miR-339-5p	-1.211037314287082	-0.6794698247683555	0.1730806476864135	2.041272725898676
mmu-miR-340-5p	-1.804293166758628	-3.7118339146946355	0.040146650337473805	-1.1062033827062434
mmu-miR-340-3p	0.4618781135253414	-0.019291773711047767	0.06798278309159222	0.09198770180862852
mmu-miR-341-3p	-0.4093886710486337	-0.5656706194080868	0.06798278309159222	0.09198770180862852
mmu-miR-342-5p	0.012669520931146108	0.24194953030793429	0.06798278309159222	0.09198770180862852
mmu-miR-342-3p	-0.12519741436760923	-0.7128734725975664	0.32748719407896876	0.09198770180862852
mmu-miR-345-3p	0.15542148866265337	-0.019291773711047767	-0.43246169780279337	0.4462619791468143
mmu-miR-3470b	0.012669520931146108	-0.019291773711047767	0.06798278309159222	0.7306496543588675
mmu-miR-3473b	1.3337901203413312	0.228703895042241	0.06798278309159222	0.09198770180862852
mmu-miR-3473e	0.012669520931146108	0.41523756733872913	0.06798278309159222	0.09198770180862852
mmu-miR-34a-5p	1.1098214723583875	1.1101304164132393	2.0869120315695295	-0.5365510861904126
mmu-miR-34a-3p	0.012669520931146108	-0.019291773711047767	-1.0986086668495219	-0.4964602092710792
mmu-miR-350-3p	-0.7319521851231979	0.06296878139736824	0.00941611922244254	0.09198770180862852
mmu-miR-351-5p	0.345516467260166	0.1901479431576262	-1.094259637672608	-4.013188786004757
mmu-miR-351-3p	-1.4914519634280714	-0.7940722827414917	-0.3745885212095795	-3.0136461782835857
mmu-miR-3535	-0.32218560431028404	1.3895199782514973	-1.6244588237902569	1.2339110657054961
mmu-miR-361-5p	0.5897371313958688	0.6117000013352231	0.8366101084946108	1.201087026190711
mmu-miR-361-3p	0.05832650504806371	-0.019291773711047767	0.12773490410929653	0.09198770180862852
mmu-miR-362-5p	0.17344147585528763	-0.019291773711047767	0.4279316810178964	0.09198770180862852
mmu-miR-362-3p	0.012669520931146108	0.19797523768668263	0.028002869942019296	0.9190032221535869
mmu-miR-365-2-5p	-0.46992511521367797	-0.02544007655628355	0.06798278309159222	0.09198770180862852
mmu-miR-367-3p	-0.450751712759145	-0.36887237475408496	0.06798278309159222	0.09198770180862852
mmu-miR-369-5p	0.47939734194792505	-0.019291773711047767	0.06798278309159222	0.09198770180862852
mmu-miR-369-3p	0.9485509486419129	0.2762031916917711	0.06798278309159222	0.09198770180862852
mmu-miR-370-3p	-0.17178986334086627	-0.16224866539115076	0.06798278309159222	0.09198770180862852
mmu-miR-374b-5p	0.40192037660781393	-1.58432836328604	0.3800049323528969	0.5522174643163101
mmu-miR-375-3p	0.012669520931146108	-0.019291773711047767	1.1512218991718317	0.09198770180862852
mmu-miR-376a-3p	0.08854171328711379	-0.019291773711047767	0.06798278309159222	0.09198770180862852
mmu-miR-376b-3p	0.46437585123687747	0.1969830516199146	0.06798278309159222	0.09198770180862852
mmu-miR-377-5p	0.26013946765595036	-0.019291773711047767	0.06798278309159222	0.09198770180862852
mmu-miR-378a-5p	0.8703775295549021	1.153268197546061	-0.47266338241987754	-1.1969826516158142
mmu-miR-378a-3p	0.7340734488914644	0.4135872744812709	0.9265310997618286	0.29375911075579597
mmu-miR-378b	0.06505792796564859	-0.019291773711047767	0.06798278309159222	0.09198770180862852
mmu-miR-378c	-0.7507576207030747	-0.4187215966604504	0.15617432350597596	-0.023253548884206388
mmu-miR-378d	-0.17114677360135894	0.21982879558225757	0.01671832436497094	0.09198770180862852
mmu-miR-379-5p	0.23536063507951985	1.0186687990309191	0.06798278309159222	0.09198770180862852
mmu-miR-379-3p	-0.30319512282082767	-0.37720340334098873	0.06798278309159222	0.09198770180862852
mmu-miR-381-3p	0.29125214692176854	0.20676179632858285	0.06798278309159222	0.09198770180862852
mmu-miR-382-5p	-2.179337182507681	-1.2456831748546822	-2.5082032263495333	-1.0359344206335728
mmu-miR-382-3p	0.43315517447138624	-0.1962259374506113	0.06798278309159222	0.09198770180862852
mmu-miR-3960	-1.3287515287427143	-0.5951341358867187	-1.3952760484443485	-0.06299221244151731
mmu-miR-3963	0.012669520931146108	0.7605519639885508	0.06798278309159222	0.09198770180862852
mmu-miR-3968	-1.5230836983250742	0.17239079764617238	0.7808582269697206	0.5693482681114088
mmu-miR-409-3p	-1.4579951817389831	-1.1115612012715073	-1.7498825374035374	-0.5793877674135517
mmu-miR-410-3p	0.04137200982873542	-0.590350432598297	0.06798278309159222	0.4165006016949565
mmu-miR-411-5p	0.5635240462439515	0.3260294890776038	0.06798278309159222	0.09198770180862852
mmu-miR-411-3p	-0.6376229135958613	-0.13903761084066332	0.06798278309159222	0.09198770180862852
mmu-miR-421-3p	1.74961011293085	0.8535789298830789	-1.40496754967398	-0.44550381010691875
mmu-miR-423-5p	0.09908099439309377	0.19105598731570123	-0.5844571567944571	-0.5651430919327153
mmu-miR-423-3p	-0.2073772570142027	-0.03362309298671394	0.6243831276707129	-2.54703815828347
mmu-miR-425-5p	0.13311382230807597	-0.0891205416528013	0.33565967845404543	0.6053702167826814
mmu-miR-429-3p	1.7902671504860102	0.4329575203670512	1.5191976189409115	0.1686428200300356
mmu-miR-431-5p	-0.6961577039680524	-0.38832067583933194	0.06798278309159222	0.09198770180862852
mmu-miR-433-3p	0.4465506435658262	-0.45018300153703844	0.06798278309159222	0.09198770180862852
mmu-miR-434-5p	0.2974768103353449	-0.019291773711047767	0.06798278309159222	0.09198770180862852
mmu-miR-434-3p	1.2447741533122159	1.191173205094026	0.06798278309159222	1.3422011474052296
mmu-miR-450b-3p	0.1921935782617662	-0.019291773711047767	0.3972456530355324	0.09198770180862852
mmu-miR-451a	-4.185729019326688	-3.0282832638494686	-1.5906863687210067	0.630362855624266
mmu-miR-452-3p	-0.6376229135958613	-0.13903761084066332	0.06798278309159222	0.09198770180862852
mmu-miR-455-5p	-0.24216878293992747	0.5796120171499431	0.06798278309159222	0.09198770180862852
mmu-miR-463-5p	-0.032391713093093764	-0.22131730239862293	0.9739246006235831	0.09198770180862852
mmu-miR-465a-5p	2.0214700919686126	0.3381042853914705	-0.7699186669921798	-1.0160926947921511
mmu-miR-466d-3p	0.5952886635718767	0.0350296819774067	-0.49270814321405476	-0.0717477763068126
mmu-miR-466g	0.17601299368280193	-1.443214323162436	-0.7148632952304671	-0.3988618818719678
mmu-miR-466h-5p	0.4493971679426744	-0.019291773711047767	0.756936220160409	-0.2173712720080296
mmu-miR-466h-3p	0.34418323040151677	-0.019291773711047767	0.06798278309159222	0.09198770180862852
mmu-miR-466i-3p	-0.008659516910450606	-0.019291773711047767	-0.2665922107817203	-0.48698960917823186
mmu-miR-466j	0.26013946765595036	-0.019291773711047767	0.06798278309159222	0.09198770180862852
mmu-miR-466l-3p	0.06505792796564859	-0.019291773711047767	0.06798278309159222	0.09198770180862852
mmu-miR-466m-3p	1.5025778313752831	1.5153788139360915	-1.1223745889676475	-1.7150786817828751
mmu-miR-466n-3p	0.7873975574780152	-1.1912745820878885	-0.8357364304432534	-0.3802059963771659
mmu-miR-466o-3p	0.05646699809335857	-0.5001918391322749	-0.8473892841949523	0.17227798985943538
mmu-miR-467c-5p	0.4570916330492273	-0.804064129840051	0.14001812080360684	-1.0460518387601978
mmu-miR-467d-5p	-0.8583722339985953	-2.3923645243194906	-1.358676372660496	-0.8136191262662984
mmu-miR-467e-5p	0.7290064787409481	1.0454906059181022	0.13542686955189265	-0.9166958599369787
mmu-miR-467e-3p	1.4728307723163856	-0.019291773711047767	-0.5388468014659422	0.728998859391126
mmu-miR-470-5p	1.7443910935740414	1.4317129547745202	0.4686712323122159	-0.09304215631414546
mmu-miR-471-5p	-0.6434171001767772	0.016697680708301334	0.17972824325306866	0.09198770180862852
mmu-miR-471-3p	0.4487528828870758	0.875132160644175	-0.1777401510053054	0.31126993165791966
mmu-miR-483-5p	-0.18106726648821653	-2.1475003873389293	-0.5602005147006532	0.7888974642152413
mmu-miR-483-3p	1.1256184875656128	1.0438507191521238	0.4625837399015033	-0.2820249658108218
mmu-miR-484	-1.0560684797493445	-1.2954793055563403	-1.8823551067622522	-0.7492787950491928
mmu-miR-485-5p	0.48540593549791233	-0.019291773711047767	0.06798278309159222	0.09198770180862852
mmu-miR-485-3p	-0.18581376971541855	-0.38384293578666784	0.06798278309159222	0.09198770180862852
mmu-miR-486a-5p	0.012669520931146108	-0.019291773711047767	0.06798278309159222	0.5139896790666367
mmu-miR-486b-5p	-0.6376229113971511	-0.1390376090148791	0.06798278309159222	0.09198770180862852
mmu-miR-487b-3p	-0.6376229135958613	-0.13903761084066332	0.06798278309159222	0.09198770180862852
mmu-miR-491-5p	0.06505792796564848	-0.019291773711047767	0.06798278309159222	0.09198770180862852
mmu-miR-494-3p	0.08673801063275195	0.3897570221965147	0.06798278309159222	0.09198770180862852
mmu-miR-495-3p	-1.3535900631296394	-0.763975394651652	0.06798278309159222	0.09198770180862852
mmu-miR-497a-5p	0.23248554211836592	-0.019291773711047767	0.06798278309159222	0.09198770180862852
mmu-miR-499-5p	-0.16992469496909487	-0.019291773711047767	1.5008590278885623	0.09198770180862852
mmu-miR-500-5p	0.08854171328711379	-0.019291773711047767	0.06798278309159222	0.09198770180862852
mmu-miR-500-3p	0.3371403918090573	-0.5922929999676024	-0.2981362249466055	-2.1366450373154326
mmu-miR-501-3p	1.1390481459394077	-0.8071093243884453	0.30195142783312967	-2.2768287459517125
mmu-miR-503-5p	-0.10940792357519513	-0.24537650452307405	-2.0371211346551084	-3.9492745944399648
mmu-miR-503-3p	0.805556464790325	1.3845516575372894	-0.9257460393083285	-0.6008539057602956
mmu-miR-505-5p	-1.2883236835286913	-0.4166763821238496	-0.18401394710600052	-1.1404544781379804
mmu-miR-5099	1.1140095348453092	-1.7658014487846259	0.08083775972474182	-0.8311520622112021
mmu-miR-5100	-0.6376229113971511	-0.1390376090148791	0.06798278309159222	0.09198770180862852
mmu-miR-5106	0.5884869984076048	0.9539469188969155	-0.42914861216519085	-0.7258275819226874
mmu-miR-5108	-3.3103218145176094	-0.7321369390881934	0.0788899772400662	1.6400013725576756
mmu-miR-5110	-2.3136374332122536	-0.2230404266117791	0.6491025235934968	1.3974208252045437
mmu-miR-5112	0.012669520931146108	0.2419495279560578	0.06798278309159222	0.09198770180862852
mmu-miR-5119	-1.2222989926123076	2.46203089184675	0.24453672291784745	1.0910599823120586
mmu-miR-5121	-0.6599647077159776	-0.18576461280214718	-0.3148514847942253	0.45839637004253336
mmu-miR-5124a	0.012669520931146108	0.2419495279560578	0.06798278309159222	0.09198770180862852
mmu-miR-5126	-2.9880618569255577	-0.15284082445160777	-7.147699214297301	-2.038615446557227
mmu-miR-5128	-0.8098782030552123	-0.4321487383548525	-0.12747422478526957	-0.025540614188372265
mmu-miR-532-5p	0.68684992431909	0.11026731687857776	-0.4081842548610369	-1.7605926325750891
mmu-miR-532-3p	1.1313676101506132	0.915357374427157	-0.3566350336232539	-0.36117720793649594
mmu-miR-541-5p	-0.03977412000198975	-0.6089289410142612	-0.740005998808464	0.09198770180862852
mmu-miR-542-5p	0.012669520931146108	0.24194953030793429	0.06798278309159222	0.09198770180862852
mmu-miR-542-3p	2.0296180337314693	-0.019291773711047767	-0.057145914821722564	-3.483092816410511
mmu-miR-543-3p	-0.6376229113971511	-0.1390376090148791	0.06798278309159222	0.09198770180862852
mmu-miR-574-5p	0.49530517559686643	0.9444543283062533	-1.8833230298403163	-1.0242429420134693
mmu-miR-574-3p	0.6372297946989893	0.18695033755760174	0.06798278309159222	0.09198770180862852
mmu-miR-615-3p	0.857352038797612	-0.019291773711047767	0.215847189614963	0.09198770180862852
mmu-miR-6236	0.04200767179389723	-0.019291773711047767	-0.5224571760883018	0.010105661275786252
mmu-miR-6240	0.5429523053611846	1.0321726485625042	-2.2688697594753213	-1.6913262509991995
mmu-miR-6516-3p	0.4618781135253414	-0.019291773711047767	0.06798278309159222	0.09198770180862852
mmu-miR-652-3p	1.2606161579379929	-0.5563691473355088	0.5463529048453543	0.5958685535769871
mmu-miR-6538	-0.019752294710343343	0.6369126138883984	0.11008911122362772	0.4697600681380881
mmu-miR-6539	-1.0737711511061079	-0.8915265144572849	0.29466652328716614	-0.10447753472976305
mmu-miR-664-5p	0.05320171139429086	0.30003922583715487	0.4278718259155069	-0.4225369072982268
mmu-miR-664-3p	0.42309874683506354	-0.019291773711047767	0.5224335650957339	0.7622167847361809
mmu-miR-665-3p	0.18614645371624744	-0.019291773711047767	0.06798278309159222	0.09198770180862852
mmu-miR-666-5p	0.48540593549791233	-0.019291773711047767	0.06798278309159222	0.09198770180862852
mmu-miR-669a-3-3p	1.0405232587854225	-0.019291773711047767	-1.4783118691571757	-0.3006703649175817
mmu-miR-669b-3p	1.2218593380807439	0.6282825175921802	0.45471451840453125	0.09198770180862852
mmu-miR-669c-5p	0.5763790881026347	-0.26978464790704926	-0.5067251478827244	-1.0705490269375353
mmu-miR-669c-3p	0.18150614506547322	0.4938405563865602	-0.603593931666216	-0.3003889790736906
mmu-miR-669e-3p	0.28996035391068653	-0.019291773711047767	0.055524152905995605	0.09198770180862852
mmu-miR-669f-5p	-0.05232744146196107	-0.18309581412647327	0.12119920719369864	0.09198770180862852
mmu-miR-669f-3p	3.543557031291377	1.7830667173823558	1.158451384238158	-0.2731567478075665
mmu-miR-669h-5p	0.1946262031457584	-0.9209372393939523	0.7716264190241505	-0.15540527837426923
mmu-miR-669i	-0.6376229113971511	-0.1390376090148791	0.06798278309159222	0.09198770180862852
mmu-miR-669l-5p	-2.5951549049499265	-1.94672269678756	0.05352823893625828	0.38208653720274927
mmu-miR-669o-5p	0.3498223985339046	-0.019291773711047767	0.4262211397172113	0.09198770180862852
mmu-miR-671-5p	-0.378304037971186	-0.5156711173471814	-1.1638135743704485	-0.5647558198685788
mmu-miR-672-5p	-2.885912000047465	-3.2347312413886566	-2.60005133050276	-4.680440427229251
mmu-miR-674-5p	-1.2053782691186021	-0.9690873036099863	-0.026580365578136724	0.09198770180862852
mmu-miR-676-3p	3.0527629885698135	1.4153176922747603	0.5835476890438083	2.613998971120811
mmu-miR-677-3p	-0.8778148476885476	-0.34680992908043573	0.06798278309159222	0.09198770180862852
mmu-miR-6933-5p	0.26013946765595036	-0.019291773711047767	0.06798278309159222	0.09198770180862852
mmu-miR-702-5p	-0.08034304966136281	-0.16703104902227445	0.06798278309159222	0.09198770180862852
mmu-miR-702-3p	0.8534977593615519	0.10734140410918389	-0.3480964642886573	-0.36532616886794406
mmu-miR-7021-5p	0.012669520931146108	0.24194953030793429	0.06798278309159222	0.09198770180862852
mmu-miR-7025-3p	0.06505792796564848	-0.019291773711047767	0.06798278309159222	0.09198770180862852
mmu-miR-7033-5p	-0.4077008529721738	-0.161496823057082	0.06798278309159222	0.4850444885757386
mmu-miR-7046-3p	0.012669520931146108	-0.019291773711047767	0.06798278309159222	0.9468852004062559
mmu-miR-706	0.06505792796564848	-0.019291773711047767	0.06798278309159222	0.09198770180862852
mmu-miR-7060-5p	0.012669520931146108	-0.019291773711047767	0.06798278309159222	0.9468852027769967
mmu-miR-708-5p	-0.7852321777453858	-0.4895700764029571	0.7042446358242984	0.09198770180862852
mmu-miR-7082-3p	-0.2392943548243327	-0.019291773711047767	-0.5992857906668063	-0.23713076409272318
mmu-miR-7084-5p	0.012669520931146108	-0.019291773711047767	-1.0986086668495219	-0.4964602092710792
mmu-miR-709	0.012669520931146108	0.4034562153875835	-0.5228117638419026	0.010443552832708548
mmu-miR-7221-3p	0.06505792796564848	-0.019291773711047767	0.06798278309159222	0.09198770180862852
mmu-miR-741-5p	0.012669520931146108	-0.019291773711047767	0.07341445602256709	-0.21324371109930937
mmu-miR-741-3p	0.3455109317091498	0.02454601780827114	-0.08573072014112919	-0.06825771242771927
mmu-miR-742-3p	0.06662434306404479	-0.019291773711047767	0.016924239521361076	0.09198770180862852
mmu-miR-743a-5p	0.23248554211836592	-0.019291773711047767	0.06798278309159222	0.09198770180862852
mmu-miR-743a-3p	-0.21004074460370947	-0.45458285441395707	-1.0393680433387977	0.9379048981914805
mmu-miR-743b-3p	-0.5627793335166674	-0.5218466072280254	-1.1824612190520387	-1.0325787723991107
mmu-miR-744-5p	-0.1432054171318552	-0.9897523705974908	-0.7017324109465921	-1.4118999404895978
mmu-miR-744-3p	0.012669520931146108	-0.019291773711047767	-0.8088668365666178	-0.22212925707464265
mmu-miR-7658-5p	-0.6376229113971511	-0.1390376090148791	0.06798278309159222	0.09198770180862852
mmu-miR-7680-3p	0.012669520931146108	-0.019291773711047767	0.028972039539920485	0.5001351364680254
mmu-miR-770-3p	0.06505792796564848	-0.019291773711047767	0.06798278309159222	0.09198770180862852
mmu-miR-8090	0.012669520931146108	-0.019291773711047767	-0.8088668365666178	-0.22212925707464265
mmu-miR-8102	0.012669520931146108	-0.019291773711047767	0.06798278309159222	0.5139896790666367
mmu-miR-8109	-0.35393865145398984	-0.019291773711047767	1.7852970819704455	-0.4659379540225583
mmu-miR-8114	-3.479167782470209	-2.6101254884528955	0.5763440101663059	1.5779169920704699
mmu-miR-8117	-1.1403628203796787	0.4510211098850756	-0.9452099825133211	-1.285045924232795
mmu-miR-871-5p	1.5073372431538847	-0.07847161154655159	0.7163521984678027	0.41276879984796644
mmu-miR-871-3p	0.37101083351787373	0.4177538160267088	0.10595742323108001	0.15701364467862114
mmu-miR-872-5p	0.256288121035012	0.19578846319115903	-0.45933965337435506	-0.011691717150132766
mmu-miR-874-3p	0.012669520931146108	-0.019291773711047767	0.06798278309159222	0.5139896790666367
mmu-miR-877-5p	0.229704352550142	-0.8721020041967824	1.0633578570833304	-2.255458987255867
mmu-miR-877-3p	-0.555169862616113	-0.506781918944005	1.0504748480136157	0.09198770180862852
mmu-miR-878-5p	0.8026157179946015	-0.4210356382563944	1.7312007000667993	1.5051085915678244
mmu-miR-878-3p	-0.19355903794835322	-0.7030942911941112	1.6705592276095826	0.7013016980042774
mmu-miR-880-3p	0.27103300443900513	0.2435137886300282	0.11311043099143644	-0.6043701185975526
mmu-miR-881-3p	0.7450605468254513	0.2837850971632963	0.2429390601047512	0.5008165544961113
mmu-miR-883a-3p	0.012669520931146108	0.19877869124344624	-0.48295279434244287	0.01543162659219072
mmu-miR-883b-5p	-0.41279920484537286	0.19124424952820257	-0.029444426494946472	0.09198770180862852
mmu-miR-883b-3p	-0.008839307356182892	0.22266745149164902	0.06798278309159222	0.09198770180862852
mmu-miR-92a-1-5p	-0.8778148476885476	-0.34680992908043573	0.06798278309159222	0.09198770180862852
mmu-miR-92b-5p	0.6264193951032818	-0.019291773711047767	-0.12916657570610593	-0.019980627841364843
mmu-miR-92b-3p	-1.3501446278160951	-0.45560119718638703	0.5186412880720116	1.0092522918417501
mmu-miR-93-5p	-0.3169749541188157	-1.7543320383168561	-0.1841139401920351	-1.622552148522261
mmu-miR-93-3p	0.012669520931146108	-0.019291773711047767	0.839131159822956	0.09198770180862852
mmu-miR-96-5p	-0.44462389492209137	-0.7296228707135942	-0.9499280567534587	-0.7307148159198327
mmu-miR-98-5p	1.8624039261745748	1.3250342902077028	0.47126350320447286	-1.5535366159863762
mmu-miR-99a-5p	0.012669520931146108	1.8118997487458852	1.2498269762242427	0.6081760865446454
mmu-miR-99b-5p	0.5626727252106501	-0.8457574329629405	-1.7791051750203373	-2.583217843485863
mmu-miR-99b-3p	-1.401027495580799	-0.15726008156593554	-0.8812586768595567	-1.0556579631325358
mmu-let-7f-5p	-1.6718944810610061	-0.5732289286907821	1.316014104224271	3.3144193084017677
mmu-miR-138-5p	0.012669520931146108	0.20674515105825167	0.6140798065305478	0.09198770180862852
mmu-miR-194-5p	0.2989667796505446	0.20632637559168862	0.06798278309159222	0.09198770180862852
mmu-miR-19b-3p	0.012669520931146108	0.2419495279560578	0.06798278309159222	0.09198770180862852
mmu-miR-466f-3p	0.0148421223213352	-2.2974413929757196	-1.6331854982836171	-2.7126610367044113
mmu-miR-92a-3p	-0.8917693582695122	-0.4257198922555837	-0.36193442231045825	0.35580599295075194
